,Epoch,Step,Loss,learning_rate,num_epochs,batch_size,num_classes,test_size,train_size,seed,train_class_proportion_hate speech,train_class_proportion_offensive language,train_class_proportion_neither,test_class_proportion_hate speech,test_class_proportion_offensive language,test_class_proportion_neither
0,1,10,1.0073119401931763,0.001,8,32,3,4957,19825,11,0.06,0.77,0.17,0.06,0.78,0.16
1,1,20,0.7860212922096252,0.001,8,32,3,4957,19825,11,0.06,0.77,0.17,0.06,0.78,0.16
2,1,30,0.681136965751648,0.001,8,32,3,4957,19825,11,0.06,0.77,0.17,0.06,0.78,0.16
3,1,40,0.6387487053871155,0.001,8,32,3,4957,19825,11,0.06,0.77,0.17,0.06,0.78,0.16
4,1,50,0.7388545274734497,0.001,8,32,3,4957,19825,11,0.06,0.77,0.17,0.06,0.78,0.16
5,1,60,0.6667596101760864,0.001,8,32,3,4957,19825,11,0.06,0.77,0.17,0.06,0.78,0.16
6,1,70,0.576675534248352,0.001,8,32,3,4957,19825,11,0.06,0.77,0.17,0.06,0.78,0.16
7,1,80,0.7088908553123474,0.001,8,32,3,4957,19825,11,0.06,0.77,0.17,0.06,0.78,0.16
8,1,90,0.49258169531822205,0.001,8,32,3,4957,19825,11,0.06,0.77,0.17,0.06,0.78,0.16
9,1,100,0.39721137285232544,0.001,8,32,3,4957,19825,11,0.06,0.77,0.17,0.06,0.78,0.16
10,1,110,0.5246162414550781,0.001,8,32,3,4957,19825,11,0.06,0.77,0.17,0.06,0.78,0.16
11,1,120,0.614279568195343,0.001,8,32,3,4957,19825,11,0.06,0.77,0.17,0.06,0.78,0.16
12,1,130,0.46307435631752014,0.001,8,32,3,4957,19825,11,0.06,0.77,0.17,0.06,0.78,0.16
13,1,140,0.3552243113517761,0.001,8,32,3,4957,19825,11,0.06,0.77,0.17,0.06,0.78,0.16
14,1,150,0.4902680814266205,0.001,8,32,3,4957,19825,11,0.06,0.77,0.17,0.06,0.78,0.16
15,1,160,0.5356693267822266,0.001,8,32,3,4957,19825,11,0.06,0.77,0.17,0.06,0.78,0.16
16,1,170,0.6117841005325317,0.001,8,32,3,4957,19825,11,0.06,0.77,0.17,0.06,0.78,0.16
17,1,180,0.417527437210083,0.001,8,32,3,4957,19825,11,0.06,0.77,0.17,0.06,0.78,0.16
18,1,190,0.5646127462387085,0.001,8,32,3,4957,19825,11,0.06,0.77,0.17,0.06,0.78,0.16
19,1,200,0.6247244477272034,0.001,8,32,3,4957,19825,11,0.06,0.77,0.17,0.06,0.78,0.16
20,1,210,0.4041171073913574,0.001,8,32,3,4957,19825,11,0.06,0.77,0.17,0.06,0.78,0.16
21,1,220,0.23173180222511292,0.001,8,32,3,4957,19825,11,0.06,0.77,0.17,0.06,0.78,0.16
22,1,230,0.2105756402015686,0.001,8,32,3,4957,19825,11,0.06,0.77,0.17,0.06,0.78,0.16
23,1,240,0.4376334846019745,0.001,8,32,3,4957,19825,11,0.06,0.77,0.17,0.06,0.78,0.16
24,1,250,0.5495057702064514,0.001,8,32,3,4957,19825,11,0.06,0.77,0.17,0.06,0.78,0.16
25,1,260,0.35108697414398193,0.001,8,32,3,4957,19825,11,0.06,0.77,0.17,0.06,0.78,0.16
26,1,270,0.39648663997650146,0.001,8,32,3,4957,19825,11,0.06,0.77,0.17,0.06,0.78,0.16
27,1,280,0.29790303111076355,0.001,8,32,3,4957,19825,11,0.06,0.77,0.17,0.06,0.78,0.16
28,1,290,0.32417410612106323,0.001,8,32,3,4957,19825,11,0.06,0.77,0.17,0.06,0.78,0.16
29,1,300,0.4863812029361725,0.001,8,32,3,4957,19825,11,0.06,0.77,0.17,0.06,0.78,0.16
30,1,310,0.2819795608520508,0.001,8,32,3,4957,19825,11,0.06,0.77,0.17,0.06,0.78,0.16
31,1,320,0.19280171394348145,0.001,8,32,3,4957,19825,11,0.06,0.77,0.17,0.06,0.78,0.16
32,1,330,0.3696337342262268,0.001,8,32,3,4957,19825,11,0.06,0.77,0.17,0.06,0.78,0.16
33,1,340,0.2408115416765213,0.001,8,32,3,4957,19825,11,0.06,0.77,0.17,0.06,0.78,0.16
34,1,350,0.26436907052993774,0.001,8,32,3,4957,19825,11,0.06,0.77,0.17,0.06,0.78,0.16
35,1,360,0.5427502989768982,0.001,8,32,3,4957,19825,11,0.06,0.77,0.17,0.06,0.78,0.16
36,1,370,0.23394238948822021,0.001,8,32,3,4957,19825,11,0.06,0.77,0.17,0.06,0.78,0.16
37,1,380,0.4781922698020935,0.001,8,32,3,4957,19825,11,0.06,0.77,0.17,0.06,0.78,0.16
38,1,390,0.15988485515117645,0.001,8,32,3,4957,19825,11,0.06,0.77,0.17,0.06,0.78,0.16
39,1,400,0.5373004674911499,0.001,8,32,3,4957,19825,11,0.06,0.77,0.17,0.06,0.78,0.16
40,1,410,0.2764112055301666,0.001,8,32,3,4957,19825,11,0.06,0.77,0.17,0.06,0.78,0.16
41,1,420,0.5197287797927856,0.001,8,32,3,4957,19825,11,0.06,0.77,0.17,0.06,0.78,0.16
42,1,430,0.3578830063343048,0.001,8,32,3,4957,19825,11,0.06,0.77,0.17,0.06,0.78,0.16
43,1,440,0.4392443597316742,0.001,8,32,3,4957,19825,11,0.06,0.77,0.17,0.06,0.78,0.16
44,1,450,0.3666180670261383,0.001,8,32,3,4957,19825,11,0.06,0.77,0.17,0.06,0.78,0.16
45,1,460,0.20650121569633484,0.001,8,32,3,4957,19825,11,0.06,0.77,0.17,0.06,0.78,0.16
46,1,470,0.18463550508022308,0.001,8,32,3,4957,19825,11,0.06,0.77,0.17,0.06,0.78,0.16
47,1,480,0.21257168054580688,0.001,8,32,3,4957,19825,11,0.06,0.77,0.17,0.06,0.78,0.16
48,1,490,0.3528456687927246,0.001,8,32,3,4957,19825,11,0.06,0.77,0.17,0.06,0.78,0.16
49,1,500,0.4418475925922394,0.001,8,32,3,4957,19825,11,0.06,0.77,0.17,0.06,0.78,0.16
50,1,510,0.27065786719322205,0.001,8,32,3,4957,19825,11,0.06,0.77,0.17,0.06,0.78,0.16
51,1,520,0.0981774553656578,0.001,8,32,3,4957,19825,11,0.06,0.77,0.17,0.06,0.78,0.16
52,1,530,0.22453857958316803,0.001,8,32,3,4957,19825,11,0.06,0.77,0.17,0.06,0.78,0.16
53,1,540,0.35345229506492615,0.001,8,32,3,4957,19825,11,0.06,0.77,0.17,0.06,0.78,0.16
54,1,550,0.6412728428840637,0.001,8,32,3,4957,19825,11,0.06,0.77,0.17,0.06,0.78,0.16
55,1,560,0.19464576244354248,0.001,8,32,3,4957,19825,11,0.06,0.77,0.17,0.06,0.78,0.16
56,1,570,0.4688866436481476,0.001,8,32,3,4957,19825,11,0.06,0.77,0.17,0.06,0.78,0.16
57,1,580,0.29564258456230164,0.001,8,32,3,4957,19825,11,0.06,0.77,0.17,0.06,0.78,0.16
58,1,590,0.1192142590880394,0.001,8,32,3,4957,19825,11,0.06,0.77,0.17,0.06,0.78,0.16
59,1,600,0.29294759035110474,0.001,8,32,3,4957,19825,11,0.06,0.77,0.17,0.06,0.78,0.16
60,1,610,0.20103371143341064,0.001,8,32,3,4957,19825,11,0.06,0.77,0.17,0.06,0.78,0.16
61,2,10,0.5970096588134766,0.001,8,32,3,4957,19825,11,0.06,0.77,0.17,0.06,0.78,0.16
62,2,20,0.20393379032611847,0.001,8,32,3,4957,19825,11,0.06,0.77,0.17,0.06,0.78,0.16
63,2,30,0.14270302653312683,0.001,8,32,3,4957,19825,11,0.06,0.77,0.17,0.06,0.78,0.16
64,2,40,0.3348422348499298,0.001,8,32,3,4957,19825,11,0.06,0.77,0.17,0.06,0.78,0.16
65,2,50,0.1587841957807541,0.001,8,32,3,4957,19825,11,0.06,0.77,0.17,0.06,0.78,0.16
66,2,60,0.17581750452518463,0.001,8,32,3,4957,19825,11,0.06,0.77,0.17,0.06,0.78,0.16
67,2,70,0.35782626271247864,0.001,8,32,3,4957,19825,11,0.06,0.77,0.17,0.06,0.78,0.16
68,2,80,0.43918538093566895,0.001,8,32,3,4957,19825,11,0.06,0.77,0.17,0.06,0.78,0.16
69,2,90,0.38782280683517456,0.001,8,32,3,4957,19825,11,0.06,0.77,0.17,0.06,0.78,0.16
70,2,100,0.16304244101047516,0.001,8,32,3,4957,19825,11,0.06,0.77,0.17,0.06,0.78,0.16
71,2,110,0.1683068722486496,0.001,8,32,3,4957,19825,11,0.06,0.77,0.17,0.06,0.78,0.16
72,2,120,0.31705155968666077,0.001,8,32,3,4957,19825,11,0.06,0.77,0.17,0.06,0.78,0.16
73,2,130,0.3012547791004181,0.001,8,32,3,4957,19825,11,0.06,0.77,0.17,0.06,0.78,0.16
74,2,140,0.07516446709632874,0.001,8,32,3,4957,19825,11,0.06,0.77,0.17,0.06,0.78,0.16
75,2,150,0.2640724778175354,0.001,8,32,3,4957,19825,11,0.06,0.77,0.17,0.06,0.78,0.16
76,2,160,0.16565898060798645,0.001,8,32,3,4957,19825,11,0.06,0.77,0.17,0.06,0.78,0.16
77,2,170,0.27409136295318604,0.001,8,32,3,4957,19825,11,0.06,0.77,0.17,0.06,0.78,0.16
78,2,180,0.11104371398687363,0.001,8,32,3,4957,19825,11,0.06,0.77,0.17,0.06,0.78,0.16
79,2,190,0.29476478695869446,0.001,8,32,3,4957,19825,11,0.06,0.77,0.17,0.06,0.78,0.16
80,2,200,0.4130038321018219,0.001,8,32,3,4957,19825,11,0.06,0.77,0.17,0.06,0.78,0.16
81,2,210,0.20662222802639008,0.001,8,32,3,4957,19825,11,0.06,0.77,0.17,0.06,0.78,0.16
82,2,220,0.09021341800689697,0.001,8,32,3,4957,19825,11,0.06,0.77,0.17,0.06,0.78,0.16
83,2,230,0.09107864648103714,0.001,8,32,3,4957,19825,11,0.06,0.77,0.17,0.06,0.78,0.16
84,2,240,0.21095851063728333,0.001,8,32,3,4957,19825,11,0.06,0.77,0.17,0.06,0.78,0.16
85,2,250,0.2265874743461609,0.001,8,32,3,4957,19825,11,0.06,0.77,0.17,0.06,0.78,0.16
86,2,260,0.1522570699453354,0.001,8,32,3,4957,19825,11,0.06,0.77,0.17,0.06,0.78,0.16
87,2,270,0.17932812869548798,0.001,8,32,3,4957,19825,11,0.06,0.77,0.17,0.06,0.78,0.16
88,2,280,0.2780572474002838,0.001,8,32,3,4957,19825,11,0.06,0.77,0.17,0.06,0.78,0.16
89,2,290,0.09892734885215759,0.001,8,32,3,4957,19825,11,0.06,0.77,0.17,0.06,0.78,0.16
90,2,300,0.20423699915409088,0.001,8,32,3,4957,19825,11,0.06,0.77,0.17,0.06,0.78,0.16
91,2,310,0.12560749053955078,0.001,8,32,3,4957,19825,11,0.06,0.77,0.17,0.06,0.78,0.16
92,2,320,0.0772089809179306,0.001,8,32,3,4957,19825,11,0.06,0.77,0.17,0.06,0.78,0.16
93,2,330,0.1584099680185318,0.001,8,32,3,4957,19825,11,0.06,0.77,0.17,0.06,0.78,0.16
94,2,340,0.08778315782546997,0.001,8,32,3,4957,19825,11,0.06,0.77,0.17,0.06,0.78,0.16
95,2,350,0.03879988193511963,0.001,8,32,3,4957,19825,11,0.06,0.77,0.17,0.06,0.78,0.16
96,2,360,0.25549033284187317,0.001,8,32,3,4957,19825,11,0.06,0.77,0.17,0.06,0.78,0.16
97,2,370,0.1412966549396515,0.001,8,32,3,4957,19825,11,0.06,0.77,0.17,0.06,0.78,0.16
98,2,380,0.2571461796760559,0.001,8,32,3,4957,19825,11,0.06,0.77,0.17,0.06,0.78,0.16
99,2,390,0.07567963749170303,0.001,8,32,3,4957,19825,11,0.06,0.77,0.17,0.06,0.78,0.16
100,2,400,0.28104493021965027,0.001,8,32,3,4957,19825,11,0.06,0.77,0.17,0.06,0.78,0.16
101,2,410,0.09459583461284637,0.001,8,32,3,4957,19825,11,0.06,0.77,0.17,0.06,0.78,0.16
102,2,420,0.3247871398925781,0.001,8,32,3,4957,19825,11,0.06,0.77,0.17,0.06,0.78,0.16
103,2,430,0.19944167137145996,0.001,8,32,3,4957,19825,11,0.06,0.77,0.17,0.06,0.78,0.16
104,2,440,0.10740313678979874,0.001,8,32,3,4957,19825,11,0.06,0.77,0.17,0.06,0.78,0.16
105,2,450,0.08525333553552628,0.001,8,32,3,4957,19825,11,0.06,0.77,0.17,0.06,0.78,0.16
106,2,460,0.05197876691818237,0.001,8,32,3,4957,19825,11,0.06,0.77,0.17,0.06,0.78,0.16
107,2,470,0.057154975831508636,0.001,8,32,3,4957,19825,11,0.06,0.77,0.17,0.06,0.78,0.16
108,2,480,0.04339856654405594,0.001,8,32,3,4957,19825,11,0.06,0.77,0.17,0.06,0.78,0.16
109,2,490,0.1015428677201271,0.001,8,32,3,4957,19825,11,0.06,0.77,0.17,0.06,0.78,0.16
110,2,500,0.381056547164917,0.001,8,32,3,4957,19825,11,0.06,0.77,0.17,0.06,0.78,0.16
111,2,510,0.06856625527143478,0.001,8,32,3,4957,19825,11,0.06,0.77,0.17,0.06,0.78,0.16
112,2,520,0.01819649711251259,0.001,8,32,3,4957,19825,11,0.06,0.77,0.17,0.06,0.78,0.16
113,2,530,0.04830298572778702,0.001,8,32,3,4957,19825,11,0.06,0.77,0.17,0.06,0.78,0.16
114,2,540,0.1748594492673874,0.001,8,32,3,4957,19825,11,0.06,0.77,0.17,0.06,0.78,0.16
115,2,550,0.3344130218029022,0.001,8,32,3,4957,19825,11,0.06,0.77,0.17,0.06,0.78,0.16
116,2,560,0.1143115907907486,0.001,8,32,3,4957,19825,11,0.06,0.77,0.17,0.06,0.78,0.16
117,2,570,0.0933619812130928,0.001,8,32,3,4957,19825,11,0.06,0.77,0.17,0.06,0.78,0.16
118,2,580,0.29506221413612366,0.001,8,32,3,4957,19825,11,0.06,0.77,0.17,0.06,0.78,0.16
119,2,590,0.026052454486489296,0.001,8,32,3,4957,19825,11,0.06,0.77,0.17,0.06,0.78,0.16
120,2,600,0.06039911508560181,0.001,8,32,3,4957,19825,11,0.06,0.77,0.17,0.06,0.78,0.16
121,2,610,0.03974248468875885,0.001,8,32,3,4957,19825,11,0.06,0.77,0.17,0.06,0.78,0.16
122,3,10,0.40392619371414185,0.001,8,32,3,4957,19825,11,0.06,0.77,0.17,0.06,0.78,0.16
123,3,20,0.0640026405453682,0.001,8,32,3,4957,19825,11,0.06,0.77,0.17,0.06,0.78,0.16
124,3,30,0.04707080125808716,0.001,8,32,3,4957,19825,11,0.06,0.77,0.17,0.06,0.78,0.16
125,3,40,0.18868903815746307,0.001,8,32,3,4957,19825,11,0.06,0.77,0.17,0.06,0.78,0.16
126,3,50,0.057236846536397934,0.001,8,32,3,4957,19825,11,0.06,0.77,0.17,0.06,0.78,0.16
127,3,60,0.04990198835730553,0.001,8,32,3,4957,19825,11,0.06,0.77,0.17,0.06,0.78,0.16
128,3,70,0.14466479420661926,0.001,8,32,3,4957,19825,11,0.06,0.77,0.17,0.06,0.78,0.16
129,3,80,0.24132360517978668,0.001,8,32,3,4957,19825,11,0.06,0.77,0.17,0.06,0.78,0.16
130,3,90,0.3021431565284729,0.001,8,32,3,4957,19825,11,0.06,0.77,0.17,0.06,0.78,0.16
131,3,100,0.07431770116090775,0.001,8,32,3,4957,19825,11,0.06,0.77,0.17,0.06,0.78,0.16
132,3,110,0.06151217222213745,0.001,8,32,3,4957,19825,11,0.06,0.77,0.17,0.06,0.78,0.16
133,3,120,0.1379563808441162,0.001,8,32,3,4957,19825,11,0.06,0.77,0.17,0.06,0.78,0.16
134,3,130,0.1335330605506897,0.001,8,32,3,4957,19825,11,0.06,0.77,0.17,0.06,0.78,0.16
135,3,140,0.023361949250102043,0.001,8,32,3,4957,19825,11,0.06,0.77,0.17,0.06,0.78,0.16
136,3,150,0.06045280769467354,0.001,8,32,3,4957,19825,11,0.06,0.77,0.17,0.06,0.78,0.16
137,3,160,0.0823303610086441,0.001,8,32,3,4957,19825,11,0.06,0.77,0.17,0.06,0.78,0.16
138,3,170,0.12901635468006134,0.001,8,32,3,4957,19825,11,0.06,0.77,0.17,0.06,0.78,0.16
139,3,180,0.023727059364318848,0.001,8,32,3,4957,19825,11,0.06,0.77,0.17,0.06,0.78,0.16
140,3,190,0.0325007364153862,0.001,8,32,3,4957,19825,11,0.06,0.77,0.17,0.06,0.78,0.16
141,3,200,0.36535996198654175,0.001,8,32,3,4957,19825,11,0.06,0.77,0.17,0.06,0.78,0.16
142,3,210,0.1382797509431839,0.001,8,32,3,4957,19825,11,0.06,0.77,0.17,0.06,0.78,0.16
143,3,220,0.026868587359786034,0.001,8,32,3,4957,19825,11,0.06,0.77,0.17,0.06,0.78,0.16
144,3,230,0.0913262665271759,0.001,8,32,3,4957,19825,11,0.06,0.77,0.17,0.06,0.78,0.16
145,3,240,0.12078521400690079,0.001,8,32,3,4957,19825,11,0.06,0.77,0.17,0.06,0.78,0.16
146,3,250,0.0316682904958725,0.001,8,32,3,4957,19825,11,0.06,0.77,0.17,0.06,0.78,0.16
147,3,260,0.06905639916658401,0.001,8,32,3,4957,19825,11,0.06,0.77,0.17,0.06,0.78,0.16
148,3,270,0.025186659768223763,0.001,8,32,3,4957,19825,11,0.06,0.77,0.17,0.06,0.78,0.16
149,3,280,0.11368373036384583,0.001,8,32,3,4957,19825,11,0.06,0.77,0.17,0.06,0.78,0.16
150,3,290,0.05670786276459694,0.001,8,32,3,4957,19825,11,0.06,0.77,0.17,0.06,0.78,0.16
151,3,300,0.06036044657230377,0.001,8,32,3,4957,19825,11,0.06,0.77,0.17,0.06,0.78,0.16
152,3,310,0.03561814874410629,0.001,8,32,3,4957,19825,11,0.06,0.77,0.17,0.06,0.78,0.16
153,3,320,0.03715592250227928,0.001,8,32,3,4957,19825,11,0.06,0.77,0.17,0.06,0.78,0.16
154,3,330,0.04672490060329437,0.001,8,32,3,4957,19825,11,0.06,0.77,0.17,0.06,0.78,0.16
155,3,340,0.03323345631361008,0.001,8,32,3,4957,19825,11,0.06,0.77,0.17,0.06,0.78,0.16
156,3,350,0.017559126019477844,0.001,8,32,3,4957,19825,11,0.06,0.77,0.17,0.06,0.78,0.16
157,3,360,0.05861847475171089,0.001,8,32,3,4957,19825,11,0.06,0.77,0.17,0.06,0.78,0.16
158,3,370,0.05724414065480232,0.001,8,32,3,4957,19825,11,0.06,0.77,0.17,0.06,0.78,0.16
159,3,380,0.023095684126019478,0.001,8,32,3,4957,19825,11,0.06,0.77,0.17,0.06,0.78,0.16
160,3,390,0.03536996990442276,0.001,8,32,3,4957,19825,11,0.06,0.77,0.17,0.06,0.78,0.16
161,3,400,0.05169132351875305,0.001,8,32,3,4957,19825,11,0.06,0.77,0.17,0.06,0.78,0.16
162,3,410,0.05470849573612213,0.001,8,32,3,4957,19825,11,0.06,0.77,0.17,0.06,0.78,0.16
163,3,420,0.24251140654087067,0.001,8,32,3,4957,19825,11,0.06,0.77,0.17,0.06,0.78,0.16
164,3,430,0.11418841034173965,0.001,8,32,3,4957,19825,11,0.06,0.77,0.17,0.06,0.78,0.16
165,3,440,0.017758188769221306,0.001,8,32,3,4957,19825,11,0.06,0.77,0.17,0.06,0.78,0.16
166,3,450,0.03604971244931221,0.001,8,32,3,4957,19825,11,0.06,0.77,0.17,0.06,0.78,0.16
167,3,460,0.010812115855515003,0.001,8,32,3,4957,19825,11,0.06,0.77,0.17,0.06,0.78,0.16
168,3,470,0.02030622772872448,0.001,8,32,3,4957,19825,11,0.06,0.77,0.17,0.06,0.78,0.16
169,3,480,0.014887411147356033,0.001,8,32,3,4957,19825,11,0.06,0.77,0.17,0.06,0.78,0.16
170,3,490,0.02855278179049492,0.001,8,32,3,4957,19825,11,0.06,0.77,0.17,0.06,0.78,0.16
171,3,500,0.18940408527851105,0.001,8,32,3,4957,19825,11,0.06,0.77,0.17,0.06,0.78,0.16
172,3,510,0.030343366786837578,0.001,8,32,3,4957,19825,11,0.06,0.77,0.17,0.06,0.78,0.16
173,3,520,0.004708151798695326,0.001,8,32,3,4957,19825,11,0.06,0.77,0.17,0.06,0.78,0.16
174,3,530,0.009664771147072315,0.001,8,32,3,4957,19825,11,0.06,0.77,0.17,0.06,0.78,0.16
175,3,540,0.047577302902936935,0.001,8,32,3,4957,19825,11,0.06,0.77,0.17,0.06,0.78,0.16
176,3,550,0.2263304442167282,0.001,8,32,3,4957,19825,11,0.06,0.77,0.17,0.06,0.78,0.16
177,3,560,0.08449334651231766,0.001,8,32,3,4957,19825,11,0.06,0.77,0.17,0.06,0.78,0.16
178,3,570,0.034447602927684784,0.001,8,32,3,4957,19825,11,0.06,0.77,0.17,0.06,0.78,0.16
179,3,580,0.14080166816711426,0.001,8,32,3,4957,19825,11,0.06,0.77,0.17,0.06,0.78,0.16
180,3,590,0.005025377497076988,0.001,8,32,3,4957,19825,11,0.06,0.77,0.17,0.06,0.78,0.16
181,3,600,0.039312783628702164,0.001,8,32,3,4957,19825,11,0.06,0.77,0.17,0.06,0.78,0.16
182,3,610,0.007301047444343567,0.001,8,32,3,4957,19825,11,0.06,0.77,0.17,0.06,0.78,0.16
183,4,10,0.22981086373329163,0.001,8,32,3,4957,19825,11,0.06,0.77,0.17,0.06,0.78,0.16
184,4,20,0.01058622170239687,0.001,8,32,3,4957,19825,11,0.06,0.77,0.17,0.06,0.78,0.16
185,4,30,0.013850986026227474,0.001,8,32,3,4957,19825,11,0.06,0.77,0.17,0.06,0.78,0.16
186,4,40,0.11133331060409546,0.001,8,32,3,4957,19825,11,0.06,0.77,0.17,0.06,0.78,0.16
187,4,50,0.02348432131111622,0.001,8,32,3,4957,19825,11,0.06,0.77,0.17,0.06,0.78,0.16
188,4,60,0.014866247773170471,0.001,8,32,3,4957,19825,11,0.06,0.77,0.17,0.06,0.78,0.16
189,4,70,0.06736820191144943,0.001,8,32,3,4957,19825,11,0.06,0.77,0.17,0.06,0.78,0.16
190,4,80,0.1797695904970169,0.001,8,32,3,4957,19825,11,0.06,0.77,0.17,0.06,0.78,0.16
191,4,90,0.23034295439720154,0.001,8,32,3,4957,19825,11,0.06,0.77,0.17,0.06,0.78,0.16
192,4,100,0.0354546420276165,0.001,8,32,3,4957,19825,11,0.06,0.77,0.17,0.06,0.78,0.16
193,4,110,0.027695659548044205,0.001,8,32,3,4957,19825,11,0.06,0.77,0.17,0.06,0.78,0.16
194,4,120,0.0955551341176033,0.001,8,32,3,4957,19825,11,0.06,0.77,0.17,0.06,0.78,0.16
195,4,130,0.04464297369122505,0.001,8,32,3,4957,19825,11,0.06,0.77,0.17,0.06,0.78,0.16
196,4,140,0.00699429027736187,0.001,8,32,3,4957,19825,11,0.06,0.77,0.17,0.06,0.78,0.16
197,4,150,0.06892240792512894,0.001,8,32,3,4957,19825,11,0.06,0.77,0.17,0.06,0.78,0.16
198,4,160,0.0874539464712143,0.001,8,32,3,4957,19825,11,0.06,0.77,0.17,0.06,0.78,0.16
199,4,170,0.03311322256922722,0.001,8,32,3,4957,19825,11,0.06,0.77,0.17,0.06,0.78,0.16
200,4,180,0.005435756407678127,0.001,8,32,3,4957,19825,11,0.06,0.77,0.17,0.06,0.78,0.16
201,4,190,0.006808433681726456,0.001,8,32,3,4957,19825,11,0.06,0.77,0.17,0.06,0.78,0.16
202,4,200,0.24017418920993805,0.001,8,32,3,4957,19825,11,0.06,0.77,0.17,0.06,0.78,0.16
203,4,210,0.08605232834815979,0.001,8,32,3,4957,19825,11,0.06,0.77,0.17,0.06,0.78,0.16
204,4,220,0.008787112310528755,0.001,8,32,3,4957,19825,11,0.06,0.77,0.17,0.06,0.78,0.16
205,4,230,0.042611103504896164,0.001,8,32,3,4957,19825,11,0.06,0.77,0.17,0.06,0.78,0.16
206,4,240,0.11319741606712341,0.001,8,32,3,4957,19825,11,0.06,0.77,0.17,0.06,0.78,0.16
207,4,250,0.005059591494500637,0.001,8,32,3,4957,19825,11,0.06,0.77,0.17,0.06,0.78,0.16
208,4,260,0.025502940639853477,0.001,8,32,3,4957,19825,11,0.06,0.77,0.17,0.06,0.78,0.16
209,4,270,0.00855049304664135,0.001,8,32,3,4957,19825,11,0.06,0.77,0.17,0.06,0.78,0.16
210,4,280,0.06849115341901779,0.001,8,32,3,4957,19825,11,0.06,0.77,0.17,0.06,0.78,0.16
211,4,290,0.054228201508522034,0.001,8,32,3,4957,19825,11,0.06,0.77,0.17,0.06,0.78,0.16
212,4,300,0.009976109489798546,0.001,8,32,3,4957,19825,11,0.06,0.77,0.17,0.06,0.78,0.16
213,4,310,0.015862243250012398,0.001,8,32,3,4957,19825,11,0.06,0.77,0.17,0.06,0.78,0.16
214,4,320,0.0322251133620739,0.001,8,32,3,4957,19825,11,0.06,0.77,0.17,0.06,0.78,0.16
215,4,330,0.003313835011795163,0.001,8,32,3,4957,19825,11,0.06,0.77,0.17,0.06,0.78,0.16
216,4,340,0.022884685546159744,0.001,8,32,3,4957,19825,11,0.06,0.77,0.17,0.06,0.78,0.16
217,4,350,0.00224773189984262,0.001,8,32,3,4957,19825,11,0.06,0.77,0.17,0.06,0.78,0.16
218,4,360,0.028017275035381317,0.001,8,32,3,4957,19825,11,0.06,0.77,0.17,0.06,0.78,0.16
219,4,370,0.06590233743190765,0.001,8,32,3,4957,19825,11,0.06,0.77,0.17,0.06,0.78,0.16
220,4,380,0.01290582399815321,0.001,8,32,3,4957,19825,11,0.06,0.77,0.17,0.06,0.78,0.16
221,4,390,0.027330726385116577,0.001,8,32,3,4957,19825,11,0.06,0.77,0.17,0.06,0.78,0.16
222,4,400,0.02533900737762451,0.001,8,32,3,4957,19825,11,0.06,0.77,0.17,0.06,0.78,0.16
223,4,410,0.030554288998246193,0.001,8,32,3,4957,19825,11,0.06,0.77,0.17,0.06,0.78,0.16
224,4,420,0.16652502119541168,0.001,8,32,3,4957,19825,11,0.06,0.77,0.17,0.06,0.78,0.16
225,4,430,0.0796499028801918,0.001,8,32,3,4957,19825,11,0.06,0.77,0.17,0.06,0.78,0.16
226,4,440,0.003523606341332197,0.001,8,32,3,4957,19825,11,0.06,0.77,0.17,0.06,0.78,0.16
227,4,450,0.030564580112695694,0.001,8,32,3,4957,19825,11,0.06,0.77,0.17,0.06,0.78,0.16
228,4,460,0.0030056736432015896,0.001,8,32,3,4957,19825,11,0.06,0.77,0.17,0.06,0.78,0.16
229,4,470,0.003187992377206683,0.001,8,32,3,4957,19825,11,0.06,0.77,0.17,0.06,0.78,0.16
230,4,480,0.002402638550847769,0.001,8,32,3,4957,19825,11,0.06,0.77,0.17,0.06,0.78,0.16
231,4,490,0.017050448805093765,0.001,8,32,3,4957,19825,11,0.06,0.77,0.17,0.06,0.78,0.16
232,4,500,0.09517274051904678,0.001,8,32,3,4957,19825,11,0.06,0.77,0.17,0.06,0.78,0.16
233,4,510,0.0056770313531160355,0.001,8,32,3,4957,19825,11,0.06,0.77,0.17,0.06,0.78,0.16
234,4,520,0.0006184976082295179,0.001,8,32,3,4957,19825,11,0.06,0.77,0.17,0.06,0.78,0.16
235,4,530,0.004926222376525402,0.001,8,32,3,4957,19825,11,0.06,0.77,0.17,0.06,0.78,0.16
236,4,540,0.060869671404361725,0.001,8,32,3,4957,19825,11,0.06,0.77,0.17,0.06,0.78,0.16
237,4,550,0.04254595562815666,0.001,8,32,3,4957,19825,11,0.06,0.77,0.17,0.06,0.78,0.16
238,4,560,0.04500632360577583,0.001,8,32,3,4957,19825,11,0.06,0.77,0.17,0.06,0.78,0.16
239,4,570,0.04889257624745369,0.001,8,32,3,4957,19825,11,0.06,0.77,0.17,0.06,0.78,0.16
240,4,580,0.11946456879377365,0.001,8,32,3,4957,19825,11,0.06,0.77,0.17,0.06,0.78,0.16
241,4,590,0.0008458492229692638,0.001,8,32,3,4957,19825,11,0.06,0.77,0.17,0.06,0.78,0.16
242,4,600,0.005833769217133522,0.001,8,32,3,4957,19825,11,0.06,0.77,0.17,0.06,0.78,0.16
243,4,610,0.001668010139837861,0.001,8,32,3,4957,19825,11,0.06,0.77,0.17,0.06,0.78,0.16
244,5,10,0.05711780861020088,0.001,8,32,3,4957,19825,11,0.06,0.77,0.17,0.06,0.78,0.16
245,5,20,0.0018655764870345592,0.001,8,32,3,4957,19825,11,0.06,0.77,0.17,0.06,0.78,0.16
246,5,30,0.008007821626961231,0.001,8,32,3,4957,19825,11,0.06,0.77,0.17,0.06,0.78,0.16
247,5,40,0.09475219249725342,0.001,8,32,3,4957,19825,11,0.06,0.77,0.17,0.06,0.78,0.16
248,5,50,0.036864206194877625,0.001,8,32,3,4957,19825,11,0.06,0.77,0.17,0.06,0.78,0.16
249,5,60,0.00934955757111311,0.001,8,32,3,4957,19825,11,0.06,0.77,0.17,0.06,0.78,0.16
250,5,70,0.013491337187588215,0.001,8,32,3,4957,19825,11,0.06,0.77,0.17,0.06,0.78,0.16
251,5,80,0.10871277004480362,0.001,8,32,3,4957,19825,11,0.06,0.77,0.17,0.06,0.78,0.16
252,5,90,0.11221557855606079,0.001,8,32,3,4957,19825,11,0.06,0.77,0.17,0.06,0.78,0.16
253,5,100,0.02205105684697628,0.001,8,32,3,4957,19825,11,0.06,0.77,0.17,0.06,0.78,0.16
254,5,110,0.004678191617131233,0.001,8,32,3,4957,19825,11,0.06,0.77,0.17,0.06,0.78,0.16
255,5,120,0.056122101843357086,0.001,8,32,3,4957,19825,11,0.06,0.77,0.17,0.06,0.78,0.16
256,5,130,0.014729585498571396,0.001,8,32,3,4957,19825,11,0.06,0.77,0.17,0.06,0.78,0.16
257,5,140,0.002510505262762308,0.001,8,32,3,4957,19825,11,0.06,0.77,0.17,0.06,0.78,0.16
258,5,150,0.03142579644918442,0.001,8,32,3,4957,19825,11,0.06,0.77,0.17,0.06,0.78,0.16
259,5,160,0.024064378812909126,0.001,8,32,3,4957,19825,11,0.06,0.77,0.17,0.06,0.78,0.16
260,5,170,0.02840474806725979,0.001,8,32,3,4957,19825,11,0.06,0.77,0.17,0.06,0.78,0.16
261,5,180,0.0034280712716281414,0.001,8,32,3,4957,19825,11,0.06,0.77,0.17,0.06,0.78,0.16
262,5,190,0.00412675179541111,0.001,8,32,3,4957,19825,11,0.06,0.77,0.17,0.06,0.78,0.16
263,5,200,0.1075265035033226,0.001,8,32,3,4957,19825,11,0.06,0.77,0.17,0.06,0.78,0.16
264,5,210,0.08123912662267685,0.001,8,32,3,4957,19825,11,0.06,0.77,0.17,0.06,0.78,0.16
265,5,220,0.0017635681433603168,0.001,8,32,3,4957,19825,11,0.06,0.77,0.17,0.06,0.78,0.16
266,5,230,0.05439866706728935,0.001,8,32,3,4957,19825,11,0.06,0.77,0.17,0.06,0.78,0.16
267,5,240,0.07534302771091461,0.001,8,32,3,4957,19825,11,0.06,0.77,0.17,0.06,0.78,0.16
268,5,250,0.0028728873003274202,0.001,8,32,3,4957,19825,11,0.06,0.77,0.17,0.06,0.78,0.16
269,5,260,0.005889523308724165,0.001,8,32,3,4957,19825,11,0.06,0.77,0.17,0.06,0.78,0.16
270,5,270,0.008540507405996323,0.001,8,32,3,4957,19825,11,0.06,0.77,0.17,0.06,0.78,0.16
271,5,280,0.058048270642757416,0.001,8,32,3,4957,19825,11,0.06,0.77,0.17,0.06,0.78,0.16
272,5,290,0.030825521796941757,0.001,8,32,3,4957,19825,11,0.06,0.77,0.17,0.06,0.78,0.16
273,5,300,0.009553730487823486,0.001,8,32,3,4957,19825,11,0.06,0.77,0.17,0.06,0.78,0.16
274,5,310,0.006705056875944138,0.001,8,32,3,4957,19825,11,0.06,0.77,0.17,0.06,0.78,0.16
275,5,320,0.016102759167551994,0.001,8,32,3,4957,19825,11,0.06,0.77,0.17,0.06,0.78,0.16
276,5,330,0.0021480906289070845,0.001,8,32,3,4957,19825,11,0.06,0.77,0.17,0.06,0.78,0.16
277,5,340,0.01786060817539692,0.001,8,32,3,4957,19825,11,0.06,0.77,0.17,0.06,0.78,0.16
278,5,350,0.0016151276649907231,0.001,8,32,3,4957,19825,11,0.06,0.77,0.17,0.06,0.78,0.16
279,5,360,0.013020578771829605,0.001,8,32,3,4957,19825,11,0.06,0.77,0.17,0.06,0.78,0.16
280,5,370,0.0016320233698934317,0.001,8,32,3,4957,19825,11,0.06,0.77,0.17,0.06,0.78,0.16
281,5,380,0.0039272974245250225,0.001,8,32,3,4957,19825,11,0.06,0.77,0.17,0.06,0.78,0.16
282,5,390,0.053214576095342636,0.001,8,32,3,4957,19825,11,0.06,0.77,0.17,0.06,0.78,0.16
283,5,400,0.0033708475530147552,0.001,8,32,3,4957,19825,11,0.06,0.77,0.17,0.06,0.78,0.16
284,5,410,0.015582756139338017,0.001,8,32,3,4957,19825,11,0.06,0.77,0.17,0.06,0.78,0.16
285,5,420,0.10872498154640198,0.001,8,32,3,4957,19825,11,0.06,0.77,0.17,0.06,0.78,0.16
286,5,430,0.013492411933839321,0.001,8,32,3,4957,19825,11,0.06,0.77,0.17,0.06,0.78,0.16
287,5,440,0.00576829956844449,0.001,8,32,3,4957,19825,11,0.06,0.77,0.17,0.06,0.78,0.16
288,5,450,0.022160565480589867,0.001,8,32,3,4957,19825,11,0.06,0.77,0.17,0.06,0.78,0.16
289,5,460,0.0009348776075057685,0.001,8,32,3,4957,19825,11,0.06,0.77,0.17,0.06,0.78,0.16
290,5,470,0.0010425212094560266,0.001,8,32,3,4957,19825,11,0.06,0.77,0.17,0.06,0.78,0.16
291,5,480,0.0013807830400764942,0.001,8,32,3,4957,19825,11,0.06,0.77,0.17,0.06,0.78,0.16
292,5,490,0.003384412731975317,0.001,8,32,3,4957,19825,11,0.06,0.77,0.17,0.06,0.78,0.16
293,5,500,0.053527798503637314,0.001,8,32,3,4957,19825,11,0.06,0.77,0.17,0.06,0.78,0.16
294,5,510,0.0032905060797929764,0.001,8,32,3,4957,19825,11,0.06,0.77,0.17,0.06,0.78,0.16
295,5,520,0.0002843448310159147,0.001,8,32,3,4957,19825,11,0.06,0.77,0.17,0.06,0.78,0.16
296,5,530,0.003214420285075903,0.001,8,32,3,4957,19825,11,0.06,0.77,0.17,0.06,0.78,0.16
297,5,540,0.06446981430053711,0.001,8,32,3,4957,19825,11,0.06,0.77,0.17,0.06,0.78,0.16
298,5,550,0.004825292620807886,0.001,8,32,3,4957,19825,11,0.06,0.77,0.17,0.06,0.78,0.16
299,5,560,0.014090086333453655,0.001,8,32,3,4957,19825,11,0.06,0.77,0.17,0.06,0.78,0.16
300,5,570,0.07758315652608871,0.001,8,32,3,4957,19825,11,0.06,0.77,0.17,0.06,0.78,0.16
301,5,580,0.007739988621324301,0.001,8,32,3,4957,19825,11,0.06,0.77,0.17,0.06,0.78,0.16
302,5,590,0.00025002993061207235,0.001,8,32,3,4957,19825,11,0.06,0.77,0.17,0.06,0.78,0.16
303,5,600,0.0013474248116835952,0.001,8,32,3,4957,19825,11,0.06,0.77,0.17,0.06,0.78,0.16
304,5,610,0.00046088348608464,0.001,8,32,3,4957,19825,11,0.06,0.77,0.17,0.06,0.78,0.16
305,6,10,0.006108097732067108,0.001,8,32,3,4957,19825,11,0.06,0.77,0.17,0.06,0.78,0.16
306,6,20,0.0006599712069146335,0.001,8,32,3,4957,19825,11,0.06,0.77,0.17,0.06,0.78,0.16
307,6,30,0.007025458849966526,0.001,8,32,3,4957,19825,11,0.06,0.77,0.17,0.06,0.78,0.16
308,6,40,0.08173276484012604,0.001,8,32,3,4957,19825,11,0.06,0.77,0.17,0.06,0.78,0.16
309,6,50,0.007529589347541332,0.001,8,32,3,4957,19825,11,0.06,0.77,0.17,0.06,0.78,0.16
310,6,60,0.003000134602189064,0.001,8,32,3,4957,19825,11,0.06,0.77,0.17,0.06,0.78,0.16
311,6,70,0.01054401509463787,0.001,8,32,3,4957,19825,11,0.06,0.77,0.17,0.06,0.78,0.16
312,6,80,0.0033071425277739763,0.001,8,32,3,4957,19825,11,0.06,0.77,0.17,0.06,0.78,0.16
313,6,90,0.008528345264494419,0.001,8,32,3,4957,19825,11,0.06,0.77,0.17,0.06,0.78,0.16
314,6,100,0.035968732088804245,0.001,8,32,3,4957,19825,11,0.06,0.77,0.17,0.06,0.78,0.16
315,6,110,0.004277013707906008,0.001,8,32,3,4957,19825,11,0.06,0.77,0.17,0.06,0.78,0.16
316,6,120,0.020787900313735008,0.001,8,32,3,4957,19825,11,0.06,0.77,0.17,0.06,0.78,0.16
317,6,130,0.008056622929871082,0.001,8,32,3,4957,19825,11,0.06,0.77,0.17,0.06,0.78,0.16
318,6,140,0.0013258940307423472,0.001,8,32,3,4957,19825,11,0.06,0.77,0.17,0.06,0.78,0.16
319,6,150,0.005985673051327467,0.001,8,32,3,4957,19825,11,0.06,0.77,0.17,0.06,0.78,0.16
320,6,160,0.017720971256494522,0.001,8,32,3,4957,19825,11,0.06,0.77,0.17,0.06,0.78,0.16
321,6,170,0.05514924228191376,0.001,8,32,3,4957,19825,11,0.06,0.77,0.17,0.06,0.78,0.16
322,6,180,0.0018422057619318366,0.001,8,32,3,4957,19825,11,0.06,0.77,0.17,0.06,0.78,0.16
323,6,190,0.0012588734971359372,0.001,8,32,3,4957,19825,11,0.06,0.77,0.17,0.06,0.78,0.16
324,6,200,0.1004742980003357,0.001,8,32,3,4957,19825,11,0.06,0.77,0.17,0.06,0.78,0.16
325,6,210,0.06519242376089096,0.001,8,32,3,4957,19825,11,0.06,0.77,0.17,0.06,0.78,0.16
326,6,220,0.001042621093802154,0.001,8,32,3,4957,19825,11,0.06,0.77,0.17,0.06,0.78,0.16
327,6,230,0.03450202941894531,0.001,8,32,3,4957,19825,11,0.06,0.77,0.17,0.06,0.78,0.16
328,6,240,0.008693331852555275,0.001,8,32,3,4957,19825,11,0.06,0.77,0.17,0.06,0.78,0.16
329,6,250,0.0019457743037492037,0.001,8,32,3,4957,19825,11,0.06,0.77,0.17,0.06,0.78,0.16
330,6,260,0.003005542326718569,0.001,8,32,3,4957,19825,11,0.06,0.77,0.17,0.06,0.78,0.16
331,6,270,0.005911553278565407,0.001,8,32,3,4957,19825,11,0.06,0.77,0.17,0.06,0.78,0.16
332,6,280,0.043915558606386185,0.001,8,32,3,4957,19825,11,0.06,0.77,0.17,0.06,0.78,0.16
333,6,290,0.006676826626062393,0.001,8,32,3,4957,19825,11,0.06,0.77,0.17,0.06,0.78,0.16
334,6,300,0.0032428984995931387,0.001,8,32,3,4957,19825,11,0.06,0.77,0.17,0.06,0.78,0.16
335,6,310,0.005081211682409048,0.001,8,32,3,4957,19825,11,0.06,0.77,0.17,0.06,0.78,0.16
336,6,320,0.004137184005230665,0.001,8,32,3,4957,19825,11,0.06,0.77,0.17,0.06,0.78,0.16
337,6,330,0.00042931095231324434,0.001,8,32,3,4957,19825,11,0.06,0.77,0.17,0.06,0.78,0.16
338,6,340,0.017894884571433067,0.001,8,32,3,4957,19825,11,0.06,0.77,0.17,0.06,0.78,0.16
339,6,350,0.0006740789394825697,0.001,8,32,3,4957,19825,11,0.06,0.77,0.17,0.06,0.78,0.16
340,6,360,0.0036565642803907394,0.001,8,32,3,4957,19825,11,0.06,0.77,0.17,0.06,0.78,0.16
341,6,370,0.0011283246567472816,0.001,8,32,3,4957,19825,11,0.06,0.77,0.17,0.06,0.78,0.16
342,6,380,0.002096779178828001,0.001,8,32,3,4957,19825,11,0.06,0.77,0.17,0.06,0.78,0.16
343,6,390,0.0023443764075636864,0.001,8,32,3,4957,19825,11,0.06,0.77,0.17,0.06,0.78,0.16
344,6,400,0.0011038386728614569,0.001,8,32,3,4957,19825,11,0.06,0.77,0.17,0.06,0.78,0.16
345,6,410,0.02212578058242798,0.001,8,32,3,4957,19825,11,0.06,0.77,0.17,0.06,0.78,0.16
346,6,420,0.03791525587439537,0.001,8,32,3,4957,19825,11,0.06,0.77,0.17,0.06,0.78,0.16
347,6,430,0.0022510255221277475,0.001,8,32,3,4957,19825,11,0.06,0.77,0.17,0.06,0.78,0.16
348,6,440,0.0035796277225017548,0.001,8,32,3,4957,19825,11,0.06,0.77,0.17,0.06,0.78,0.16
349,6,450,0.022251980379223824,0.001,8,32,3,4957,19825,11,0.06,0.77,0.17,0.06,0.78,0.16
350,6,460,0.0025901964399963617,0.001,8,32,3,4957,19825,11,0.06,0.77,0.17,0.06,0.78,0.16
351,6,470,0.00046973396092653275,0.001,8,32,3,4957,19825,11,0.06,0.77,0.17,0.06,0.78,0.16
352,6,480,0.00043894158443436027,0.001,8,32,3,4957,19825,11,0.06,0.77,0.17,0.06,0.78,0.16
353,6,490,0.0017798587214201689,0.001,8,32,3,4957,19825,11,0.06,0.77,0.17,0.06,0.78,0.16
354,6,500,0.04746144264936447,0.001,8,32,3,4957,19825,11,0.06,0.77,0.17,0.06,0.78,0.16
355,6,510,0.0016870590625330806,0.001,8,32,3,4957,19825,11,0.06,0.77,0.17,0.06,0.78,0.16
356,6,520,0.0002497268724255264,0.001,8,32,3,4957,19825,11,0.06,0.77,0.17,0.06,0.78,0.16
357,6,530,0.0031397563870996237,0.001,8,32,3,4957,19825,11,0.06,0.77,0.17,0.06,0.78,0.16
358,6,540,0.012239283882081509,0.001,8,32,3,4957,19825,11,0.06,0.77,0.17,0.06,0.78,0.16
359,6,550,0.002726681064814329,0.001,8,32,3,4957,19825,11,0.06,0.77,0.17,0.06,0.78,0.16
360,6,560,0.0032247125636786222,0.001,8,32,3,4957,19825,11,0.06,0.77,0.17,0.06,0.78,0.16
361,6,570,0.04601948335766792,0.001,8,32,3,4957,19825,11,0.06,0.77,0.17,0.06,0.78,0.16
362,6,580,0.0053949239663779736,0.001,8,32,3,4957,19825,11,0.06,0.77,0.17,0.06,0.78,0.16
363,6,590,0.00021757894137408584,0.001,8,32,3,4957,19825,11,0.06,0.77,0.17,0.06,0.78,0.16
364,6,600,0.0002798503846861422,0.001,8,32,3,4957,19825,11,0.06,0.77,0.17,0.06,0.78,0.16
365,6,610,0.0003065789060201496,0.001,8,32,3,4957,19825,11,0.06,0.77,0.17,0.06,0.78,0.16
366,7,10,0.014036335982382298,0.001,8,32,3,4957,19825,11,0.06,0.77,0.17,0.06,0.78,0.16
367,7,20,0.00030548920040018857,0.001,8,32,3,4957,19825,11,0.06,0.77,0.17,0.06,0.78,0.16
368,7,30,0.0013490967685356736,0.001,8,32,3,4957,19825,11,0.06,0.77,0.17,0.06,0.78,0.16
369,7,40,0.11423958837985992,0.001,8,32,3,4957,19825,11,0.06,0.77,0.17,0.06,0.78,0.16
370,7,50,0.012207478284835815,0.001,8,32,3,4957,19825,11,0.06,0.77,0.17,0.06,0.78,0.16
371,7,60,0.0017282185144722462,0.001,8,32,3,4957,19825,11,0.06,0.77,0.17,0.06,0.78,0.16
372,7,70,0.008033286780118942,0.001,8,32,3,4957,19825,11,0.06,0.77,0.17,0.06,0.78,0.16
373,7,80,0.0069074472412467,0.001,8,32,3,4957,19825,11,0.06,0.77,0.17,0.06,0.78,0.16
374,7,90,0.0004895831225439906,0.001,8,32,3,4957,19825,11,0.06,0.77,0.17,0.06,0.78,0.16
375,7,100,0.0010914282174780965,0.001,8,32,3,4957,19825,11,0.06,0.77,0.17,0.06,0.78,0.16
376,7,110,0.0012126073706895113,0.001,8,32,3,4957,19825,11,0.06,0.77,0.17,0.06,0.78,0.16
377,7,120,0.010516729205846786,0.001,8,32,3,4957,19825,11,0.06,0.77,0.17,0.06,0.78,0.16
378,7,130,0.0017801328795030713,0.001,8,32,3,4957,19825,11,0.06,0.77,0.17,0.06,0.78,0.16
379,7,140,0.00034180920920334756,0.001,8,32,3,4957,19825,11,0.06,0.77,0.17,0.06,0.78,0.16
380,7,150,0.0008746169623918831,0.001,8,32,3,4957,19825,11,0.06,0.77,0.17,0.06,0.78,0.16
381,7,160,0.005601556971669197,0.001,8,32,3,4957,19825,11,0.06,0.77,0.17,0.06,0.78,0.16
382,7,170,0.03971032053232193,0.001,8,32,3,4957,19825,11,0.06,0.77,0.17,0.06,0.78,0.16
383,7,180,0.003546270541846752,0.001,8,32,3,4957,19825,11,0.06,0.77,0.17,0.06,0.78,0.16
384,7,190,0.0005119338165968657,0.001,8,32,3,4957,19825,11,0.06,0.77,0.17,0.06,0.78,0.16
385,7,200,0.01055669691413641,0.001,8,32,3,4957,19825,11,0.06,0.77,0.17,0.06,0.78,0.16
386,7,210,0.058750901371240616,0.001,8,32,3,4957,19825,11,0.06,0.77,0.17,0.06,0.78,0.16
387,7,220,0.0006240349030122161,0.001,8,32,3,4957,19825,11,0.06,0.77,0.17,0.06,0.78,0.16
388,7,230,0.03307328000664711,0.001,8,32,3,4957,19825,11,0.06,0.77,0.17,0.06,0.78,0.16
389,7,240,0.0029075464699417353,0.001,8,32,3,4957,19825,11,0.06,0.77,0.17,0.06,0.78,0.16
390,7,250,0.0005640731542371213,0.001,8,32,3,4957,19825,11,0.06,0.77,0.17,0.06,0.78,0.16
391,7,260,0.0017339293844997883,0.001,8,32,3,4957,19825,11,0.06,0.77,0.17,0.06,0.78,0.16
392,7,270,0.003439187305048108,0.001,8,32,3,4957,19825,11,0.06,0.77,0.17,0.06,0.78,0.16
393,7,280,0.04975809529423714,0.001,8,32,3,4957,19825,11,0.06,0.77,0.17,0.06,0.78,0.16
394,7,290,0.005813931114971638,0.001,8,32,3,4957,19825,11,0.06,0.77,0.17,0.06,0.78,0.16
395,7,300,0.0016603730618953705,0.001,8,32,3,4957,19825,11,0.06,0.77,0.17,0.06,0.78,0.16
396,7,310,0.0009663099772296846,0.001,8,32,3,4957,19825,11,0.06,0.77,0.17,0.06,0.78,0.16
397,7,320,0.0012367094168439507,0.001,8,32,3,4957,19825,11,0.06,0.77,0.17,0.06,0.78,0.16
398,7,330,0.00030474673258140683,0.001,8,32,3,4957,19825,11,0.06,0.77,0.17,0.06,0.78,0.16
399,7,340,0.006749267689883709,0.001,8,32,3,4957,19825,11,0.06,0.77,0.17,0.06,0.78,0.16
400,7,350,0.0001907675468828529,0.001,8,32,3,4957,19825,11,0.06,0.77,0.17,0.06,0.78,0.16
401,7,360,0.0005743431975133717,0.001,8,32,3,4957,19825,11,0.06,0.77,0.17,0.06,0.78,0.16
402,7,370,0.0005095254746265709,0.001,8,32,3,4957,19825,11,0.06,0.77,0.17,0.06,0.78,0.16
403,7,380,0.0008754629525355995,0.001,8,32,3,4957,19825,11,0.06,0.77,0.17,0.06,0.78,0.16
404,7,390,0.004496757872402668,0.001,8,32,3,4957,19825,11,0.06,0.77,0.17,0.06,0.78,0.16
405,7,400,0.00036587720387615263,0.001,8,32,3,4957,19825,11,0.06,0.77,0.17,0.06,0.78,0.16
406,7,410,0.012434898875653744,0.001,8,32,3,4957,19825,11,0.06,0.77,0.17,0.06,0.78,0.16
407,7,420,0.004596192389726639,0.001,8,32,3,4957,19825,11,0.06,0.77,0.17,0.06,0.78,0.16
408,7,430,0.0020909314043819904,0.001,8,32,3,4957,19825,11,0.06,0.77,0.17,0.06,0.78,0.16
409,7,440,0.0028918194584548473,0.001,8,32,3,4957,19825,11,0.06,0.77,0.17,0.06,0.78,0.16
410,7,450,0.018165547400712967,0.001,8,32,3,4957,19825,11,0.06,0.77,0.17,0.06,0.78,0.16
411,7,460,0.00029581337003037333,0.001,8,32,3,4957,19825,11,0.06,0.77,0.17,0.06,0.78,0.16
412,7,470,0.0005409986479207873,0.001,8,32,3,4957,19825,11,0.06,0.77,0.17,0.06,0.78,0.16
413,7,480,0.000557257211767137,0.001,8,32,3,4957,19825,11,0.06,0.77,0.17,0.06,0.78,0.16
414,7,490,0.0008707136730663478,0.001,8,32,3,4957,19825,11,0.06,0.77,0.17,0.06,0.78,0.16
415,7,500,0.02084004133939743,0.001,8,32,3,4957,19825,11,0.06,0.77,0.17,0.06,0.78,0.16
416,7,510,0.0007706570322625339,0.001,8,32,3,4957,19825,11,0.06,0.77,0.17,0.06,0.78,0.16
417,7,520,0.00011312941933283582,0.001,8,32,3,4957,19825,11,0.06,0.77,0.17,0.06,0.78,0.16
418,7,530,0.0021441893186420202,0.001,8,32,3,4957,19825,11,0.06,0.77,0.17,0.06,0.78,0.16
419,7,540,0.019411325454711914,0.001,8,32,3,4957,19825,11,0.06,0.77,0.17,0.06,0.78,0.16
420,7,550,0.0007860717014409602,0.001,8,32,3,4957,19825,11,0.06,0.77,0.17,0.06,0.78,0.16
421,7,560,0.007024168502539396,0.001,8,32,3,4957,19825,11,0.06,0.77,0.17,0.06,0.78,0.16
422,7,570,0.02935217134654522,0.001,8,32,3,4957,19825,11,0.06,0.77,0.17,0.06,0.78,0.16
423,7,580,0.002906023757532239,0.001,8,32,3,4957,19825,11,0.06,0.77,0.17,0.06,0.78,0.16
424,7,590,0.0002540929999668151,0.001,8,32,3,4957,19825,11,0.06,0.77,0.17,0.06,0.78,0.16
425,7,600,0.0007922251825220883,0.001,8,32,3,4957,19825,11,0.06,0.77,0.17,0.06,0.78,0.16
426,7,610,0.00027929499628953636,0.001,8,32,3,4957,19825,11,0.06,0.77,0.17,0.06,0.78,0.16
427,8,10,0.0017919919919222593,0.001,8,32,3,4957,19825,11,0.06,0.77,0.17,0.06,0.78,0.16
428,8,20,0.00027144255000166595,0.001,8,32,3,4957,19825,11,0.06,0.77,0.17,0.06,0.78,0.16
429,8,30,0.0006826648022979498,0.001,8,32,3,4957,19825,11,0.06,0.77,0.17,0.06,0.78,0.16
430,8,40,0.11217423528432846,0.001,8,32,3,4957,19825,11,0.06,0.77,0.17,0.06,0.78,0.16
431,8,50,0.005062569864094257,0.001,8,32,3,4957,19825,11,0.06,0.77,0.17,0.06,0.78,0.16
432,8,60,0.0008561236318200827,0.001,8,32,3,4957,19825,11,0.06,0.77,0.17,0.06,0.78,0.16
433,8,70,0.0044604078866541386,0.001,8,32,3,4957,19825,11,0.06,0.77,0.17,0.06,0.78,0.16
434,8,80,0.0014916198560968041,0.001,8,32,3,4957,19825,11,0.06,0.77,0.17,0.06,0.78,0.16
435,8,90,0.0004465887031983584,0.001,8,32,3,4957,19825,11,0.06,0.77,0.17,0.06,0.78,0.16
436,8,100,0.0015261151129379869,0.001,8,32,3,4957,19825,11,0.06,0.77,0.17,0.06,0.78,0.16
437,8,110,0.0005505954031832516,0.001,8,32,3,4957,19825,11,0.06,0.77,0.17,0.06,0.78,0.16
438,8,120,0.003654471132904291,0.001,8,32,3,4957,19825,11,0.06,0.77,0.17,0.06,0.78,0.16
439,8,130,0.0018378657987341285,0.001,8,32,3,4957,19825,11,0.06,0.77,0.17,0.06,0.78,0.16
440,8,140,0.00027559555019252,0.001,8,32,3,4957,19825,11,0.06,0.77,0.17,0.06,0.78,0.16
441,8,150,0.00042188286897726357,0.001,8,32,3,4957,19825,11,0.06,0.77,0.17,0.06,0.78,0.16
442,8,160,0.004577954299747944,0.001,8,32,3,4957,19825,11,0.06,0.77,0.17,0.06,0.78,0.16
443,8,170,0.03807869181036949,0.001,8,32,3,4957,19825,11,0.06,0.77,0.17,0.06,0.78,0.16
444,8,180,0.00014507045852951705,0.001,8,32,3,4957,19825,11,0.06,0.77,0.17,0.06,0.78,0.16
445,8,190,0.0004101431113667786,0.001,8,32,3,4957,19825,11,0.06,0.77,0.17,0.06,0.78,0.16
446,8,200,0.004642932675778866,0.001,8,32,3,4957,19825,11,0.06,0.77,0.17,0.06,0.78,0.16
447,8,210,0.05877875164151192,0.001,8,32,3,4957,19825,11,0.06,0.77,0.17,0.06,0.78,0.16
448,8,220,0.0003756736987270415,0.001,8,32,3,4957,19825,11,0.06,0.77,0.17,0.06,0.78,0.16
449,8,230,0.014775078743696213,0.001,8,32,3,4957,19825,11,0.06,0.77,0.17,0.06,0.78,0.16
450,8,240,0.0016719166887924075,0.001,8,32,3,4957,19825,11,0.06,0.77,0.17,0.06,0.78,0.16
451,8,250,0.0004437102179508656,0.001,8,32,3,4957,19825,11,0.06,0.77,0.17,0.06,0.78,0.16
452,8,260,0.0006910724914632738,0.001,8,32,3,4957,19825,11,0.06,0.77,0.17,0.06,0.78,0.16
453,8,270,0.0015328695299103856,0.001,8,32,3,4957,19825,11,0.06,0.77,0.17,0.06,0.78,0.16
454,8,280,0.043597545474767685,0.001,8,32,3,4957,19825,11,0.06,0.77,0.17,0.06,0.78,0.16
455,8,290,0.0035814230795949697,0.001,8,32,3,4957,19825,11,0.06,0.77,0.17,0.06,0.78,0.16
456,8,300,0.0009308338048867881,0.001,8,32,3,4957,19825,11,0.06,0.77,0.17,0.06,0.78,0.16
457,8,310,0.0004838737368118018,0.001,8,32,3,4957,19825,11,0.06,0.77,0.17,0.06,0.78,0.16
458,8,320,0.0008797507616691291,0.001,8,32,3,4957,19825,11,0.06,0.77,0.17,0.06,0.78,0.16
459,8,330,0.00016678270185366273,0.001,8,32,3,4957,19825,11,0.06,0.77,0.17,0.06,0.78,0.16
460,8,340,0.004382553044706583,0.001,8,32,3,4957,19825,11,0.06,0.77,0.17,0.06,0.78,0.16
461,8,350,0.00010303912131348625,0.001,8,32,3,4957,19825,11,0.06,0.77,0.17,0.06,0.78,0.16
462,8,360,0.0007740954170003533,0.001,8,32,3,4957,19825,11,0.06,0.77,0.17,0.06,0.78,0.16
463,8,370,0.0008392180316150188,0.001,8,32,3,4957,19825,11,0.06,0.77,0.17,0.06,0.78,0.16
464,8,380,0.0004362222971394658,0.001,8,32,3,4957,19825,11,0.06,0.77,0.17,0.06,0.78,0.16
465,8,390,0.0003859568387269974,0.001,8,32,3,4957,19825,11,0.06,0.77,0.17,0.06,0.78,0.16
466,8,400,0.00022534849995281547,0.001,8,32,3,4957,19825,11,0.06,0.77,0.17,0.06,0.78,0.16
467,8,410,0.005596222821623087,0.001,8,32,3,4957,19825,11,0.06,0.77,0.17,0.06,0.78,0.16
468,8,420,0.004958115052431822,0.001,8,32,3,4957,19825,11,0.06,0.77,0.17,0.06,0.78,0.16
469,8,430,0.001337662455625832,0.001,8,32,3,4957,19825,11,0.06,0.77,0.17,0.06,0.78,0.16
470,8,440,0.0032607673201709986,0.001,8,32,3,4957,19825,11,0.06,0.77,0.17,0.06,0.78,0.16
471,8,450,0.019130676984786987,0.001,8,32,3,4957,19825,11,0.06,0.77,0.17,0.06,0.78,0.16
472,8,460,7.886651292210445e-05,0.001,8,32,3,4957,19825,11,0.06,0.77,0.17,0.06,0.78,0.16
473,8,470,0.0001795626594685018,0.001,8,32,3,4957,19825,11,0.06,0.77,0.17,0.06,0.78,0.16
474,8,480,0.0001916185865411535,0.001,8,32,3,4957,19825,11,0.06,0.77,0.17,0.06,0.78,0.16
475,8,490,0.000511002610437572,0.001,8,32,3,4957,19825,11,0.06,0.77,0.17,0.06,0.78,0.16
476,8,500,0.003354050451889634,0.001,8,32,3,4957,19825,11,0.06,0.77,0.17,0.06,0.78,0.16
477,8,510,0.00035936469794251025,0.001,8,32,3,4957,19825,11,0.06,0.77,0.17,0.06,0.78,0.16
478,8,520,5.555820098379627e-05,0.001,8,32,3,4957,19825,11,0.06,0.77,0.17,0.06,0.78,0.16
479,8,530,0.0014702737098559737,0.001,8,32,3,4957,19825,11,0.06,0.77,0.17,0.06,0.78,0.16
480,8,540,0.012677015736699104,0.001,8,32,3,4957,19825,11,0.06,0.77,0.17,0.06,0.78,0.16
481,8,550,0.0008001767564564943,0.001,8,32,3,4957,19825,11,0.06,0.77,0.17,0.06,0.78,0.16
482,8,560,0.0010688762413337827,0.001,8,32,3,4957,19825,11,0.06,0.77,0.17,0.06,0.78,0.16
483,8,570,0.013635258190333843,0.001,8,32,3,4957,19825,11,0.06,0.77,0.17,0.06,0.78,0.16
484,8,580,0.0018525527557358146,0.001,8,32,3,4957,19825,11,0.06,0.77,0.17,0.06,0.78,0.16
485,8,590,0.0001405160583090037,0.001,8,32,3,4957,19825,11,0.06,0.77,0.17,0.06,0.78,0.16
486,8,600,0.0010674522491171956,0.001,8,32,3,4957,19825,11,0.06,0.77,0.17,0.06,0.78,0.16
487,8,610,0.0001412507117493078,0.001,8,32,3,4957,19825,11,0.06,0.77,0.17,0.06,0.78,0.16
