,Epoch,Step,Loss,learning_rate,num_epochs,batch_size,num_classes,test_size,train_size,seed,train_class_distribution_class_1 (0),train_class_distribution_class_2 (1),test_class_distribution_class_1 (0),test_class_distribution_class_2 (1)
0,1,10,1.0271778106689453,0.001,8,32,3,4957,19825,11,0.05679697351828499,0.7739722572509458,0.06132741577567077,0.7758725035303611
1,1,20,0.7659841775894165,0.001,8,32,3,4957,19825,11,0.05679697351828499,0.7739722572509458,0.06132741577567077,0.7758725035303611
2,1,30,0.6596606969833374,0.001,8,32,3,4957,19825,11,0.05679697351828499,0.7739722572509458,0.06132741577567077,0.7758725035303611
3,1,40,0.6313905715942383,0.001,8,32,3,4957,19825,11,0.05679697351828499,0.7739722572509458,0.06132741577567077,0.7758725035303611
4,1,50,0.7202154397964478,0.001,8,32,3,4957,19825,11,0.05679697351828499,0.7739722572509458,0.06132741577567077,0.7758725035303611
5,1,60,0.6616071462631226,0.001,8,32,3,4957,19825,11,0.05679697351828499,0.7739722572509458,0.06132741577567077,0.7758725035303611
6,1,70,0.576271653175354,0.001,8,32,3,4957,19825,11,0.05679697351828499,0.7739722572509458,0.06132741577567077,0.7758725035303611
7,1,80,0.7058399319648743,0.001,8,32,3,4957,19825,11,0.05679697351828499,0.7739722572509458,0.06132741577567077,0.7758725035303611
8,1,90,0.49564769864082336,0.001,8,32,3,4957,19825,11,0.05679697351828499,0.7739722572509458,0.06132741577567077,0.7758725035303611
9,1,100,0.39631497859954834,0.001,8,32,3,4957,19825,11,0.05679697351828499,0.7739722572509458,0.06132741577567077,0.7758725035303611
10,1,110,0.5301603674888611,0.001,8,32,3,4957,19825,11,0.05679697351828499,0.7739722572509458,0.06132741577567077,0.7758725035303611
11,1,120,0.6125898957252502,0.001,8,32,3,4957,19825,11,0.05679697351828499,0.7739722572509458,0.06132741577567077,0.7758725035303611
12,1,130,0.4614051282405853,0.001,8,32,3,4957,19825,11,0.05679697351828499,0.7739722572509458,0.06132741577567077,0.7758725035303611
13,1,140,0.354846328496933,0.001,8,32,3,4957,19825,11,0.05679697351828499,0.7739722572509458,0.06132741577567077,0.7758725035303611
14,1,150,0.4790092408657074,0.001,8,32,3,4957,19825,11,0.05679697351828499,0.7739722572509458,0.06132741577567077,0.7758725035303611
15,1,160,0.5292823314666748,0.001,8,32,3,4957,19825,11,0.05679697351828499,0.7739722572509458,0.06132741577567077,0.7758725035303611
16,1,170,0.6047987937927246,0.001,8,32,3,4957,19825,11,0.05679697351828499,0.7739722572509458,0.06132741577567077,0.7758725035303611
17,1,180,0.40782251954078674,0.001,8,32,3,4957,19825,11,0.05679697351828499,0.7739722572509458,0.06132741577567077,0.7758725035303611
18,1,190,0.5596144199371338,0.001,8,32,3,4957,19825,11,0.05679697351828499,0.7739722572509458,0.06132741577567077,0.7758725035303611
19,1,200,0.6101585626602173,0.001,8,32,3,4957,19825,11,0.05679697351828499,0.7739722572509458,0.06132741577567077,0.7758725035303611
20,1,210,0.40040087699890137,0.001,8,32,3,4957,19825,11,0.05679697351828499,0.7739722572509458,0.06132741577567077,0.7758725035303611
21,1,220,0.22779233753681183,0.001,8,32,3,4957,19825,11,0.05679697351828499,0.7739722572509458,0.06132741577567077,0.7758725035303611
22,1,230,0.20511284470558167,0.001,8,32,3,4957,19825,11,0.05679697351828499,0.7739722572509458,0.06132741577567077,0.7758725035303611
23,1,240,0.4298214316368103,0.001,8,32,3,4957,19825,11,0.05679697351828499,0.7739722572509458,0.06132741577567077,0.7758725035303611
24,1,250,0.5449585914611816,0.001,8,32,3,4957,19825,11,0.05679697351828499,0.7739722572509458,0.06132741577567077,0.7758725035303611
25,1,260,0.3392044007778168,0.001,8,32,3,4957,19825,11,0.05679697351828499,0.7739722572509458,0.06132741577567077,0.7758725035303611
26,1,270,0.38851580023765564,0.001,8,32,3,4957,19825,11,0.05679697351828499,0.7739722572509458,0.06132741577567077,0.7758725035303611
27,1,280,0.2907507121562958,0.001,8,32,3,4957,19825,11,0.05679697351828499,0.7739722572509458,0.06132741577567077,0.7758725035303611
28,1,290,0.3238491117954254,0.001,8,32,3,4957,19825,11,0.05679697351828499,0.7739722572509458,0.06132741577567077,0.7758725035303611
29,1,300,0.4763084352016449,0.001,8,32,3,4957,19825,11,0.05679697351828499,0.7739722572509458,0.06132741577567077,0.7758725035303611
30,1,310,0.2757076621055603,0.001,8,32,3,4957,19825,11,0.05679697351828499,0.7739722572509458,0.06132741577567077,0.7758725035303611
31,1,320,0.19508257508277893,0.001,8,32,3,4957,19825,11,0.05679697351828499,0.7739722572509458,0.06132741577567077,0.7758725035303611
32,1,330,0.36802107095718384,0.001,8,32,3,4957,19825,11,0.05679697351828499,0.7739722572509458,0.06132741577567077,0.7758725035303611
33,1,340,0.24721403419971466,0.001,8,32,3,4957,19825,11,0.05679697351828499,0.7739722572509458,0.06132741577567077,0.7758725035303611
34,1,350,0.2675688564777374,0.001,8,32,3,4957,19825,11,0.05679697351828499,0.7739722572509458,0.06132741577567077,0.7758725035303611
35,1,360,0.5343754887580872,0.001,8,32,3,4957,19825,11,0.05679697351828499,0.7739722572509458,0.06132741577567077,0.7758725035303611
36,1,370,0.23393170535564423,0.001,8,32,3,4957,19825,11,0.05679697351828499,0.7739722572509458,0.06132741577567077,0.7758725035303611
37,1,380,0.4781404733657837,0.001,8,32,3,4957,19825,11,0.05679697351828499,0.7739722572509458,0.06132741577567077,0.7758725035303611
38,1,390,0.16260097920894623,0.001,8,32,3,4957,19825,11,0.05679697351828499,0.7739722572509458,0.06132741577567077,0.7758725035303611
39,1,400,0.535209059715271,0.001,8,32,3,4957,19825,11,0.05679697351828499,0.7739722572509458,0.06132741577567077,0.7758725035303611
40,1,410,0.27358829975128174,0.001,8,32,3,4957,19825,11,0.05679697351828499,0.7739722572509458,0.06132741577567077,0.7758725035303611
41,1,420,0.5405499935150146,0.001,8,32,3,4957,19825,11,0.05679697351828499,0.7739722572509458,0.06132741577567077,0.7758725035303611
42,1,430,0.3775980770587921,0.001,8,32,3,4957,19825,11,0.05679697351828499,0.7739722572509458,0.06132741577567077,0.7758725035303611
43,1,440,0.4237065315246582,0.001,8,32,3,4957,19825,11,0.05679697351828499,0.7739722572509458,0.06132741577567077,0.7758725035303611
44,1,450,0.3635207712650299,0.001,8,32,3,4957,19825,11,0.05679697351828499,0.7739722572509458,0.06132741577567077,0.7758725035303611
45,1,460,0.204890638589859,0.001,8,32,3,4957,19825,11,0.05679697351828499,0.7739722572509458,0.06132741577567077,0.7758725035303611
46,1,470,0.19266706705093384,0.001,8,32,3,4957,19825,11,0.05679697351828499,0.7739722572509458,0.06132741577567077,0.7758725035303611
47,1,480,0.2109084576368332,0.001,8,32,3,4957,19825,11,0.05679697351828499,0.7739722572509458,0.06132741577567077,0.7758725035303611
48,1,490,0.37101075053215027,0.001,8,32,3,4957,19825,11,0.05679697351828499,0.7739722572509458,0.06132741577567077,0.7758725035303611
49,1,500,0.44611087441444397,0.001,8,32,3,4957,19825,11,0.05679697351828499,0.7739722572509458,0.06132741577567077,0.7758725035303611
50,1,510,0.26413676142692566,0.001,8,32,3,4957,19825,11,0.05679697351828499,0.7739722572509458,0.06132741577567077,0.7758725035303611
51,1,520,0.09785575419664383,0.001,8,32,3,4957,19825,11,0.05679697351828499,0.7739722572509458,0.06132741577567077,0.7758725035303611
52,1,530,0.2387385368347168,0.001,8,32,3,4957,19825,11,0.05679697351828499,0.7739722572509458,0.06132741577567077,0.7758725035303611
53,1,540,0.3568595051765442,0.001,8,32,3,4957,19825,11,0.05679697351828499,0.7739722572509458,0.06132741577567077,0.7758725035303611
54,1,550,0.6301687359809875,0.001,8,32,3,4957,19825,11,0.05679697351828499,0.7739722572509458,0.06132741577567077,0.7758725035303611
55,1,560,0.18686282634735107,0.001,8,32,3,4957,19825,11,0.05679697351828499,0.7739722572509458,0.06132741577567077,0.7758725035303611
56,1,570,0.4663536548614502,0.001,8,32,3,4957,19825,11,0.05679697351828499,0.7739722572509458,0.06132741577567077,0.7758725035303611
57,1,580,0.280186265707016,0.001,8,32,3,4957,19825,11,0.05679697351828499,0.7739722572509458,0.06132741577567077,0.7758725035303611
58,1,590,0.11915796995162964,0.001,8,32,3,4957,19825,11,0.05679697351828499,0.7739722572509458,0.06132741577567077,0.7758725035303611
59,1,600,0.2883475720882416,0.001,8,32,3,4957,19825,11,0.05679697351828499,0.7739722572509458,0.06132741577567077,0.7758725035303611
60,1,610,0.2063041627407074,0.001,8,32,3,4957,19825,11,0.05679697351828499,0.7739722572509458,0.06132741577567077,0.7758725035303611
61,2,10,0.5748323202133179,0.001,8,32,3,4957,19825,11,0.05679697351828499,0.7739722572509458,0.06132741577567077,0.7758725035303611
62,2,20,0.19128502905368805,0.001,8,32,3,4957,19825,11,0.05679697351828499,0.7739722572509458,0.06132741577567077,0.7758725035303611
63,2,30,0.15824680030345917,0.001,8,32,3,4957,19825,11,0.05679697351828499,0.7739722572509458,0.06132741577567077,0.7758725035303611
64,2,40,0.32143306732177734,0.001,8,32,3,4957,19825,11,0.05679697351828499,0.7739722572509458,0.06132741577567077,0.7758725035303611
65,2,50,0.16234812140464783,0.001,8,32,3,4957,19825,11,0.05679697351828499,0.7739722572509458,0.06132741577567077,0.7758725035303611
66,2,60,0.1806410253047943,0.001,8,32,3,4957,19825,11,0.05679697351828499,0.7739722572509458,0.06132741577567077,0.7758725035303611
67,2,70,0.3437698483467102,0.001,8,32,3,4957,19825,11,0.05679697351828499,0.7739722572509458,0.06132741577567077,0.7758725035303611
68,2,80,0.4090900123119354,0.001,8,32,3,4957,19825,11,0.05679697351828499,0.7739722572509458,0.06132741577567077,0.7758725035303611
69,2,90,0.3939129114151001,0.001,8,32,3,4957,19825,11,0.05679697351828499,0.7739722572509458,0.06132741577567077,0.7758725035303611
70,2,100,0.14694616198539734,0.001,8,32,3,4957,19825,11,0.05679697351828499,0.7739722572509458,0.06132741577567077,0.7758725035303611
71,2,110,0.1784473955631256,0.001,8,32,3,4957,19825,11,0.05679697351828499,0.7739722572509458,0.06132741577567077,0.7758725035303611
72,2,120,0.3166791796684265,0.001,8,32,3,4957,19825,11,0.05679697351828499,0.7739722572509458,0.06132741577567077,0.7758725035303611
73,2,130,0.28855180740356445,0.001,8,32,3,4957,19825,11,0.05679697351828499,0.7739722572509458,0.06132741577567077,0.7758725035303611
74,2,140,0.07116614282131195,0.001,8,32,3,4957,19825,11,0.05679697351828499,0.7739722572509458,0.06132741577567077,0.7758725035303611
75,2,150,0.25444546341896057,0.001,8,32,3,4957,19825,11,0.05679697351828499,0.7739722572509458,0.06132741577567077,0.7758725035303611
76,2,160,0.15416884422302246,0.001,8,32,3,4957,19825,11,0.05679697351828499,0.7739722572509458,0.06132741577567077,0.7758725035303611
77,2,170,0.2759672999382019,0.001,8,32,3,4957,19825,11,0.05679697351828499,0.7739722572509458,0.06132741577567077,0.7758725035303611
78,2,180,0.09755652397871017,0.001,8,32,3,4957,19825,11,0.05679697351828499,0.7739722572509458,0.06132741577567077,0.7758725035303611
79,2,190,0.30324840545654297,0.001,8,32,3,4957,19825,11,0.05679697351828499,0.7739722572509458,0.06132741577567077,0.7758725035303611
80,2,200,0.4242000877857208,0.001,8,32,3,4957,19825,11,0.05679697351828499,0.7739722572509458,0.06132741577567077,0.7758725035303611
81,2,210,0.2056431621313095,0.001,8,32,3,4957,19825,11,0.05679697351828499,0.7739722572509458,0.06132741577567077,0.7758725035303611
82,2,220,0.0876355841755867,0.001,8,32,3,4957,19825,11,0.05679697351828499,0.7739722572509458,0.06132741577567077,0.7758725035303611
83,2,230,0.09804215282201767,0.001,8,32,3,4957,19825,11,0.05679697351828499,0.7739722572509458,0.06132741577567077,0.7758725035303611
84,2,240,0.18668700754642487,0.001,8,32,3,4957,19825,11,0.05679697351828499,0.7739722572509458,0.06132741577567077,0.7758725035303611
85,2,250,0.22199898958206177,0.001,8,32,3,4957,19825,11,0.05679697351828499,0.7739722572509458,0.06132741577567077,0.7758725035303611
86,2,260,0.14788293838500977,0.001,8,32,3,4957,19825,11,0.05679697351828499,0.7739722572509458,0.06132741577567077,0.7758725035303611
87,2,270,0.17428694665431976,0.001,8,32,3,4957,19825,11,0.05679697351828499,0.7739722572509458,0.06132741577567077,0.7758725035303611
88,2,280,0.26798567175865173,0.001,8,32,3,4957,19825,11,0.05679697351828499,0.7739722572509458,0.06132741577567077,0.7758725035303611
89,2,290,0.09214997291564941,0.001,8,32,3,4957,19825,11,0.05679697351828499,0.7739722572509458,0.06132741577567077,0.7758725035303611
90,2,300,0.1996285766363144,0.001,8,32,3,4957,19825,11,0.05679697351828499,0.7739722572509458,0.06132741577567077,0.7758725035303611
91,2,310,0.11727098375558853,0.001,8,32,3,4957,19825,11,0.05679697351828499,0.7739722572509458,0.06132741577567077,0.7758725035303611
92,2,320,0.07341925799846649,0.001,8,32,3,4957,19825,11,0.05679697351828499,0.7739722572509458,0.06132741577567077,0.7758725035303611
93,2,330,0.170674130320549,0.001,8,32,3,4957,19825,11,0.05679697351828499,0.7739722572509458,0.06132741577567077,0.7758725035303611
94,2,340,0.09678903967142105,0.001,8,32,3,4957,19825,11,0.05679697351828499,0.7739722572509458,0.06132741577567077,0.7758725035303611
95,2,350,0.04646634683012962,0.001,8,32,3,4957,19825,11,0.05679697351828499,0.7739722572509458,0.06132741577567077,0.7758725035303611
96,2,360,0.2452731728553772,0.001,8,32,3,4957,19825,11,0.05679697351828499,0.7739722572509458,0.06132741577567077,0.7758725035303611
97,2,370,0.13952432572841644,0.001,8,32,3,4957,19825,11,0.05679697351828499,0.7739722572509458,0.06132741577567077,0.7758725035303611
98,2,380,0.24146674573421478,0.001,8,32,3,4957,19825,11,0.05679697351828499,0.7739722572509458,0.06132741577567077,0.7758725035303611
99,2,390,0.08239756524562836,0.001,8,32,3,4957,19825,11,0.05679697351828499,0.7739722572509458,0.06132741577567077,0.7758725035303611
100,2,400,0.25541502237319946,0.001,8,32,3,4957,19825,11,0.05679697351828499,0.7739722572509458,0.06132741577567077,0.7758725035303611
101,2,410,0.09906002879142761,0.001,8,32,3,4957,19825,11,0.05679697351828499,0.7739722572509458,0.06132741577567077,0.7758725035303611
102,2,420,0.3250347375869751,0.001,8,32,3,4957,19825,11,0.05679697351828499,0.7739722572509458,0.06132741577567077,0.7758725035303611
103,2,430,0.20789992809295654,0.001,8,32,3,4957,19825,11,0.05679697351828499,0.7739722572509458,0.06132741577567077,0.7758725035303611
104,2,440,0.09821554273366928,0.001,8,32,3,4957,19825,11,0.05679697351828499,0.7739722572509458,0.06132741577567077,0.7758725035303611
105,2,450,0.09359468519687653,0.001,8,32,3,4957,19825,11,0.05679697351828499,0.7739722572509458,0.06132741577567077,0.7758725035303611
106,2,460,0.06688730418682098,0.001,8,32,3,4957,19825,11,0.05679697351828499,0.7739722572509458,0.06132741577567077,0.7758725035303611
107,2,470,0.06558553129434586,0.001,8,32,3,4957,19825,11,0.05679697351828499,0.7739722572509458,0.06132741577567077,0.7758725035303611
108,2,480,0.051614128053188324,0.001,8,32,3,4957,19825,11,0.05679697351828499,0.7739722572509458,0.06132741577567077,0.7758725035303611
109,2,490,0.11096029728651047,0.001,8,32,3,4957,19825,11,0.05679697351828499,0.7739722572509458,0.06132741577567077,0.7758725035303611
110,2,500,0.382729172706604,0.001,8,32,3,4957,19825,11,0.05679697351828499,0.7739722572509458,0.06132741577567077,0.7758725035303611
111,2,510,0.07595929503440857,0.001,8,32,3,4957,19825,11,0.05679697351828499,0.7739722572509458,0.06132741577567077,0.7758725035303611
112,2,520,0.020358646288514137,0.001,8,32,3,4957,19825,11,0.05679697351828499,0.7739722572509458,0.06132741577567077,0.7758725035303611
113,2,530,0.05315328761935234,0.001,8,32,3,4957,19825,11,0.05679697351828499,0.7739722572509458,0.06132741577567077,0.7758725035303611
114,2,540,0.1868515908718109,0.001,8,32,3,4957,19825,11,0.05679697351828499,0.7739722572509458,0.06132741577567077,0.7758725035303611
115,2,550,0.3282003402709961,0.001,8,32,3,4957,19825,11,0.05679697351828499,0.7739722572509458,0.06132741577567077,0.7758725035303611
116,2,560,0.11566763371229172,0.001,8,32,3,4957,19825,11,0.05679697351828499,0.7739722572509458,0.06132741577567077,0.7758725035303611
117,2,570,0.10882057994604111,0.001,8,32,3,4957,19825,11,0.05679697351828499,0.7739722572509458,0.06132741577567077,0.7758725035303611
118,2,580,0.2805425226688385,0.001,8,32,3,4957,19825,11,0.05679697351828499,0.7739722572509458,0.06132741577567077,0.7758725035303611
119,2,590,0.02842598967254162,0.001,8,32,3,4957,19825,11,0.05679697351828499,0.7739722572509458,0.06132741577567077,0.7758725035303611
120,2,600,0.05549193173646927,0.001,8,32,3,4957,19825,11,0.05679697351828499,0.7739722572509458,0.06132741577567077,0.7758725035303611
121,2,610,0.0368378609418869,0.001,8,32,3,4957,19825,11,0.05679697351828499,0.7739722572509458,0.06132741577567077,0.7758725035303611
122,3,10,0.41629788279533386,0.001,8,32,3,4957,19825,11,0.05679697351828499,0.7739722572509458,0.06132741577567077,0.7758725035303611
123,3,20,0.06301967799663544,0.001,8,32,3,4957,19825,11,0.05679697351828499,0.7739722572509458,0.06132741577567077,0.7758725035303611
124,3,30,0.060464031994342804,0.001,8,32,3,4957,19825,11,0.05679697351828499,0.7739722572509458,0.06132741577567077,0.7758725035303611
125,3,40,0.18815314769744873,0.001,8,32,3,4957,19825,11,0.05679697351828499,0.7739722572509458,0.06132741577567077,0.7758725035303611
126,3,50,0.06736361980438232,0.001,8,32,3,4957,19825,11,0.05679697351828499,0.7739722572509458,0.06132741577567077,0.7758725035303611
127,3,60,0.0670686885714531,0.001,8,32,3,4957,19825,11,0.05679697351828499,0.7739722572509458,0.06132741577567077,0.7758725035303611
128,3,70,0.14191652834415436,0.001,8,32,3,4957,19825,11,0.05679697351828499,0.7739722572509458,0.06132741577567077,0.7758725035303611
129,3,80,0.2434009313583374,0.001,8,32,3,4957,19825,11,0.05679697351828499,0.7739722572509458,0.06132741577567077,0.7758725035303611
130,3,90,0.3226151764392853,0.001,8,32,3,4957,19825,11,0.05679697351828499,0.7739722572509458,0.06132741577567077,0.7758725035303611
131,3,100,0.07483301311731339,0.001,8,32,3,4957,19825,11,0.05679697351828499,0.7739722572509458,0.06132741577567077,0.7758725035303611
132,3,110,0.06484219431877136,0.001,8,32,3,4957,19825,11,0.05679697351828499,0.7739722572509458,0.06132741577567077,0.7758725035303611
133,3,120,0.16156554222106934,0.001,8,32,3,4957,19825,11,0.05679697351828499,0.7739722572509458,0.06132741577567077,0.7758725035303611
134,3,130,0.1554185003042221,0.001,8,32,3,4957,19825,11,0.05679697351828499,0.7739722572509458,0.06132741577567077,0.7758725035303611
135,3,140,0.02391592040657997,0.001,8,32,3,4957,19825,11,0.05679697351828499,0.7739722572509458,0.06132741577567077,0.7758725035303611
136,3,150,0.06077086925506592,0.001,8,32,3,4957,19825,11,0.05679697351828499,0.7739722572509458,0.06132741577567077,0.7758725035303611
137,3,160,0.08625996857881546,0.001,8,32,3,4957,19825,11,0.05679697351828499,0.7739722572509458,0.06132741577567077,0.7758725035303611
138,3,170,0.12219002842903137,0.001,8,32,3,4957,19825,11,0.05679697351828499,0.7739722572509458,0.06132741577567077,0.7758725035303611
139,3,180,0.022374799475073814,0.001,8,32,3,4957,19825,11,0.05679697351828499,0.7739722572509458,0.06132741577567077,0.7758725035303611
140,3,190,0.03170664608478546,0.001,8,32,3,4957,19825,11,0.05679697351828499,0.7739722572509458,0.06132741577567077,0.7758725035303611
141,3,200,0.3596741855144501,0.001,8,32,3,4957,19825,11,0.05679697351828499,0.7739722572509458,0.06132741577567077,0.7758725035303611
142,3,210,0.13752305507659912,0.001,8,32,3,4957,19825,11,0.05679697351828499,0.7739722572509458,0.06132741577567077,0.7758725035303611
143,3,220,0.027657782658934593,0.001,8,32,3,4957,19825,11,0.05679697351828499,0.7739722572509458,0.06132741577567077,0.7758725035303611
144,3,230,0.09575144946575165,0.001,8,32,3,4957,19825,11,0.05679697351828499,0.7739722572509458,0.06132741577567077,0.7758725035303611
145,3,240,0.10666634887456894,0.001,8,32,3,4957,19825,11,0.05679697351828499,0.7739722572509458,0.06132741577567077,0.7758725035303611
146,3,250,0.03830668702721596,0.001,8,32,3,4957,19825,11,0.05679697351828499,0.7739722572509458,0.06132741577567077,0.7758725035303611
147,3,260,0.08115396648645401,0.001,8,32,3,4957,19825,11,0.05679697351828499,0.7739722572509458,0.06132741577567077,0.7758725035303611
148,3,270,0.021969599649310112,0.001,8,32,3,4957,19825,11,0.05679697351828499,0.7739722572509458,0.06132741577567077,0.7758725035303611
149,3,280,0.0978754311800003,0.001,8,32,3,4957,19825,11,0.05679697351828499,0.7739722572509458,0.06132741577567077,0.7758725035303611
150,3,290,0.0648408755660057,0.001,8,32,3,4957,19825,11,0.05679697351828499,0.7739722572509458,0.06132741577567077,0.7758725035303611
151,3,300,0.060641828924417496,0.001,8,32,3,4957,19825,11,0.05679697351828499,0.7739722572509458,0.06132741577567077,0.7758725035303611
152,3,310,0.03616948798298836,0.001,8,32,3,4957,19825,11,0.05679697351828499,0.7739722572509458,0.06132741577567077,0.7758725035303611
153,3,320,0.027890579774975777,0.001,8,32,3,4957,19825,11,0.05679697351828499,0.7739722572509458,0.06132741577567077,0.7758725035303611
154,3,330,0.044636573642492294,0.001,8,32,3,4957,19825,11,0.05679697351828499,0.7739722572509458,0.06132741577567077,0.7758725035303611
155,3,340,0.03562086448073387,0.001,8,32,3,4957,19825,11,0.05679697351828499,0.7739722572509458,0.06132741577567077,0.7758725035303611
156,3,350,0.017855674028396606,0.001,8,32,3,4957,19825,11,0.05679697351828499,0.7739722572509458,0.06132741577567077,0.7758725035303611
157,3,360,0.04101460427045822,0.001,8,32,3,4957,19825,11,0.05679697351828499,0.7739722572509458,0.06132741577567077,0.7758725035303611
158,3,370,0.0600816011428833,0.001,8,32,3,4957,19825,11,0.05679697351828499,0.7739722572509458,0.06132741577567077,0.7758725035303611
159,3,380,0.027362335473299026,0.001,8,32,3,4957,19825,11,0.05679697351828499,0.7739722572509458,0.06132741577567077,0.7758725035303611
160,3,390,0.03352538123726845,0.001,8,32,3,4957,19825,11,0.05679697351828499,0.7739722572509458,0.06132741577567077,0.7758725035303611
161,3,400,0.05875125154852867,0.001,8,32,3,4957,19825,11,0.05679697351828499,0.7739722572509458,0.06132741577567077,0.7758725035303611
162,3,410,0.05244550481438637,0.001,8,32,3,4957,19825,11,0.05679697351828499,0.7739722572509458,0.06132741577567077,0.7758725035303611
163,3,420,0.26060739159584045,0.001,8,32,3,4957,19825,11,0.05679697351828499,0.7739722572509458,0.06132741577567077,0.7758725035303611
164,3,430,0.0995754674077034,0.001,8,32,3,4957,19825,11,0.05679697351828499,0.7739722572509458,0.06132741577567077,0.7758725035303611
165,3,440,0.021577272564172745,0.001,8,32,3,4957,19825,11,0.05679697351828499,0.7739722572509458,0.06132741577567077,0.7758725035303611
166,3,450,0.04484395682811737,0.001,8,32,3,4957,19825,11,0.05679697351828499,0.7739722572509458,0.06132741577567077,0.7758725035303611
167,3,460,0.013667968101799488,0.001,8,32,3,4957,19825,11,0.05679697351828499,0.7739722572509458,0.06132741577567077,0.7758725035303611
168,3,470,0.022610154002904892,0.001,8,32,3,4957,19825,11,0.05679697351828499,0.7739722572509458,0.06132741577567077,0.7758725035303611
169,3,480,0.014931153506040573,0.001,8,32,3,4957,19825,11,0.05679697351828499,0.7739722572509458,0.06132741577567077,0.7758725035303611
170,3,490,0.037657592445611954,0.001,8,32,3,4957,19825,11,0.05679697351828499,0.7739722572509458,0.06132741577567077,0.7758725035303611
171,3,500,0.197151780128479,0.001,8,32,3,4957,19825,11,0.05679697351828499,0.7739722572509458,0.06132741577567077,0.7758725035303611
172,3,510,0.032541725784540176,0.001,8,32,3,4957,19825,11,0.05679697351828499,0.7739722572509458,0.06132741577567077,0.7758725035303611
173,3,520,0.004221023991703987,0.001,8,32,3,4957,19825,11,0.05679697351828499,0.7739722572509458,0.06132741577567077,0.7758725035303611
174,3,530,0.012451414950191975,0.001,8,32,3,4957,19825,11,0.05679697351828499,0.7739722572509458,0.06132741577567077,0.7758725035303611
175,3,540,0.04427128657698631,0.001,8,32,3,4957,19825,11,0.05679697351828499,0.7739722572509458,0.06132741577567077,0.7758725035303611
176,3,550,0.231949582695961,0.001,8,32,3,4957,19825,11,0.05679697351828499,0.7739722572509458,0.06132741577567077,0.7758725035303611
177,3,560,0.06060311198234558,0.001,8,32,3,4957,19825,11,0.05679697351828499,0.7739722572509458,0.06132741577567077,0.7758725035303611
178,3,570,0.028636934235692024,0.001,8,32,3,4957,19825,11,0.05679697351828499,0.7739722572509458,0.06132741577567077,0.7758725035303611
179,3,580,0.12793871760368347,0.001,8,32,3,4957,19825,11,0.05679697351828499,0.7739722572509458,0.06132741577567077,0.7758725035303611
180,3,590,0.0056087058037519455,0.001,8,32,3,4957,19825,11,0.05679697351828499,0.7739722572509458,0.06132741577567077,0.7758725035303611
181,3,600,0.032647956162691116,0.001,8,32,3,4957,19825,11,0.05679697351828499,0.7739722572509458,0.06132741577567077,0.7758725035303611
182,3,610,0.012258430011570454,0.001,8,32,3,4957,19825,11,0.05679697351828499,0.7739722572509458,0.06132741577567077,0.7758725035303611
183,4,10,0.22057141363620758,0.001,8,32,3,4957,19825,11,0.05679697351828499,0.7739722572509458,0.06132741577567077,0.7758725035303611
184,4,20,0.016409214586019516,0.001,8,32,3,4957,19825,11,0.05679697351828499,0.7739722572509458,0.06132741577567077,0.7758725035303611
185,4,30,0.017591454088687897,0.001,8,32,3,4957,19825,11,0.05679697351828499,0.7739722572509458,0.06132741577567077,0.7758725035303611
186,4,40,0.11167910695075989,0.001,8,32,3,4957,19825,11,0.05679697351828499,0.7739722572509458,0.06132741577567077,0.7758725035303611
187,4,50,0.02757958322763443,0.001,8,32,3,4957,19825,11,0.05679697351828499,0.7739722572509458,0.06132741577567077,0.7758725035303611
188,4,60,0.01710917428135872,0.001,8,32,3,4957,19825,11,0.05679697351828499,0.7739722572509458,0.06132741577567077,0.7758725035303611
189,4,70,0.0782102420926094,0.001,8,32,3,4957,19825,11,0.05679697351828499,0.7739722572509458,0.06132741577567077,0.7758725035303611
190,4,80,0.20808012783527374,0.001,8,32,3,4957,19825,11,0.05679697351828499,0.7739722572509458,0.06132741577567077,0.7758725035303611
191,4,90,0.28361615538597107,0.001,8,32,3,4957,19825,11,0.05679697351828499,0.7739722572509458,0.06132741577567077,0.7758725035303611
192,4,100,0.049692608416080475,0.001,8,32,3,4957,19825,11,0.05679697351828499,0.7739722572509458,0.06132741577567077,0.7758725035303611
193,4,110,0.03032975271344185,0.001,8,32,3,4957,19825,11,0.05679697351828499,0.7739722572509458,0.06132741577567077,0.7758725035303611
194,4,120,0.1255761682987213,0.001,8,32,3,4957,19825,11,0.05679697351828499,0.7739722572509458,0.06132741577567077,0.7758725035303611
195,4,130,0.031919416040182114,0.001,8,32,3,4957,19825,11,0.05679697351828499,0.7739722572509458,0.06132741577567077,0.7758725035303611
196,4,140,0.008598421700298786,0.001,8,32,3,4957,19825,11,0.05679697351828499,0.7739722572509458,0.06132741577567077,0.7758725035303611
197,4,150,0.07185206562280655,0.001,8,32,3,4957,19825,11,0.05679697351828499,0.7739722572509458,0.06132741577567077,0.7758725035303611
198,4,160,0.1044139415025711,0.001,8,32,3,4957,19825,11,0.05679697351828499,0.7739722572509458,0.06132741577567077,0.7758725035303611
199,4,170,0.03808038309216499,0.001,8,32,3,4957,19825,11,0.05679697351828499,0.7739722572509458,0.06132741577567077,0.7758725035303611
200,4,180,0.005207398906350136,0.001,8,32,3,4957,19825,11,0.05679697351828499,0.7739722572509458,0.06132741577567077,0.7758725035303611
201,4,190,0.00682076346129179,0.001,8,32,3,4957,19825,11,0.05679697351828499,0.7739722572509458,0.06132741577567077,0.7758725035303611
202,4,200,0.2551347315311432,0.001,8,32,3,4957,19825,11,0.05679697351828499,0.7739722572509458,0.06132741577567077,0.7758725035303611
203,4,210,0.08312902599573135,0.001,8,32,3,4957,19825,11,0.05679697351828499,0.7739722572509458,0.06132741577567077,0.7758725035303611
204,4,220,0.01320301741361618,0.001,8,32,3,4957,19825,11,0.05679697351828499,0.7739722572509458,0.06132741577567077,0.7758725035303611
205,4,230,0.04792378470301628,0.001,8,32,3,4957,19825,11,0.05679697351828499,0.7739722572509458,0.06132741577567077,0.7758725035303611
206,4,240,0.09596066176891327,0.001,8,32,3,4957,19825,11,0.05679697351828499,0.7739722572509458,0.06132741577567077,0.7758725035303611
207,4,250,0.004084094427525997,0.001,8,32,3,4957,19825,11,0.05679697351828499,0.7739722572509458,0.06132741577567077,0.7758725035303611
208,4,260,0.03050534799695015,0.001,8,32,3,4957,19825,11,0.05679697351828499,0.7739722572509458,0.06132741577567077,0.7758725035303611
209,4,270,0.00854137446731329,0.001,8,32,3,4957,19825,11,0.05679697351828499,0.7739722572509458,0.06132741577567077,0.7758725035303611
210,4,280,0.06392379850149155,0.001,8,32,3,4957,19825,11,0.05679697351828499,0.7739722572509458,0.06132741577567077,0.7758725035303611
211,4,290,0.041028913110494614,0.001,8,32,3,4957,19825,11,0.05679697351828499,0.7739722572509458,0.06132741577567077,0.7758725035303611
212,4,300,0.013498693704605103,0.001,8,32,3,4957,19825,11,0.05679697351828499,0.7739722572509458,0.06132741577567077,0.7758725035303611
213,4,310,0.018280187621712685,0.001,8,32,3,4957,19825,11,0.05679697351828499,0.7739722572509458,0.06132741577567077,0.7758725035303611
214,4,320,0.01677807793021202,0.001,8,32,3,4957,19825,11,0.05679697351828499,0.7739722572509458,0.06132741577567077,0.7758725035303611
215,4,330,0.007691666018217802,0.001,8,32,3,4957,19825,11,0.05679697351828499,0.7739722572509458,0.06132741577567077,0.7758725035303611
216,4,340,0.03533951938152313,0.001,8,32,3,4957,19825,11,0.05679697351828499,0.7739722572509458,0.06132741577567077,0.7758725035303611
217,4,350,0.008295862004160881,0.001,8,32,3,4957,19825,11,0.05679697351828499,0.7739722572509458,0.06132741577567077,0.7758725035303611
218,4,360,0.031135905534029007,0.001,8,32,3,4957,19825,11,0.05679697351828499,0.7739722572509458,0.06132741577567077,0.7758725035303611
219,4,370,0.09417054057121277,0.001,8,32,3,4957,19825,11,0.05679697351828499,0.7739722572509458,0.06132741577567077,0.7758725035303611
220,4,380,0.014469055458903313,0.001,8,32,3,4957,19825,11,0.05679697351828499,0.7739722572509458,0.06132741577567077,0.7758725035303611
221,4,390,0.1032647117972374,0.001,8,32,3,4957,19825,11,0.05679697351828499,0.7739722572509458,0.06132741577567077,0.7758725035303611
222,4,400,0.0054819947108626366,0.001,8,32,3,4957,19825,11,0.05679697351828499,0.7739722572509458,0.06132741577567077,0.7758725035303611
223,4,410,0.031556494534015656,0.001,8,32,3,4957,19825,11,0.05679697351828499,0.7739722572509458,0.06132741577567077,0.7758725035303611
224,4,420,0.23589952290058136,0.001,8,32,3,4957,19825,11,0.05679697351828499,0.7739722572509458,0.06132741577567077,0.7758725035303611
225,4,430,0.07920163869857788,0.001,8,32,3,4957,19825,11,0.05679697351828499,0.7739722572509458,0.06132741577567077,0.7758725035303611
226,4,440,0.0035035167820751667,0.001,8,32,3,4957,19825,11,0.05679697351828499,0.7739722572509458,0.06132741577567077,0.7758725035303611
227,4,450,0.039220619946718216,0.001,8,32,3,4957,19825,11,0.05679697351828499,0.7739722572509458,0.06132741577567077,0.7758725035303611
228,4,460,0.004418497905135155,0.001,8,32,3,4957,19825,11,0.05679697351828499,0.7739722572509458,0.06132741577567077,0.7758725035303611
229,4,470,0.004644182510674,0.001,8,32,3,4957,19825,11,0.05679697351828499,0.7739722572509458,0.06132741577567077,0.7758725035303611
230,4,480,0.007589006796479225,0.001,8,32,3,4957,19825,11,0.05679697351828499,0.7739722572509458,0.06132741577567077,0.7758725035303611
231,4,490,0.018755165860056877,0.001,8,32,3,4957,19825,11,0.05679697351828499,0.7739722572509458,0.06132741577567077,0.7758725035303611
232,4,500,0.12826161086559296,0.001,8,32,3,4957,19825,11,0.05679697351828499,0.7739722572509458,0.06132741577567077,0.7758725035303611
233,4,510,0.004866067320108414,0.001,8,32,3,4957,19825,11,0.05679697351828499,0.7739722572509458,0.06132741577567077,0.7758725035303611
234,4,520,0.000773941574152559,0.001,8,32,3,4957,19825,11,0.05679697351828499,0.7739722572509458,0.06132741577567077,0.7758725035303611
235,4,530,0.007496829144656658,0.001,8,32,3,4957,19825,11,0.05679697351828499,0.7739722572509458,0.06132741577567077,0.7758725035303611
236,4,540,0.06958156079053879,0.001,8,32,3,4957,19825,11,0.05679697351828499,0.7739722572509458,0.06132741577567077,0.7758725035303611
237,4,550,0.060300182551145554,0.001,8,32,3,4957,19825,11,0.05679697351828499,0.7739722572509458,0.06132741577567077,0.7758725035303611
238,4,560,0.022412966936826706,0.001,8,32,3,4957,19825,11,0.05679697351828499,0.7739722572509458,0.06132741577567077,0.7758725035303611
239,4,570,0.0313069187104702,0.001,8,32,3,4957,19825,11,0.05679697351828499,0.7739722572509458,0.06132741577567077,0.7758725035303611
240,4,580,0.0838451012969017,0.001,8,32,3,4957,19825,11,0.05679697351828499,0.7739722572509458,0.06132741577567077,0.7758725035303611
241,4,590,0.0008973617805168033,0.001,8,32,3,4957,19825,11,0.05679697351828499,0.7739722572509458,0.06132741577567077,0.7758725035303611
242,4,600,0.008722594939172268,0.001,8,32,3,4957,19825,11,0.05679697351828499,0.7739722572509458,0.06132741577567077,0.7758725035303611
243,4,610,0.0038745757192373276,0.001,8,32,3,4957,19825,11,0.05679697351828499,0.7739722572509458,0.06132741577567077,0.7758725035303611
244,5,10,0.0469403937458992,0.001,8,32,3,4957,19825,11,0.05679697351828499,0.7739722572509458,0.06132741577567077,0.7758725035303611
245,5,20,0.0020143738947808743,0.001,8,32,3,4957,19825,11,0.05679697351828499,0.7739722572509458,0.06132741577567077,0.7758725035303611
246,5,30,0.010028881952166557,0.001,8,32,3,4957,19825,11,0.05679697351828499,0.7739722572509458,0.06132741577567077,0.7758725035303611
247,5,40,0.09872093796730042,0.001,8,32,3,4957,19825,11,0.05679697351828499,0.7739722572509458,0.06132741577567077,0.7758725035303611
248,5,50,0.04566838592290878,0.001,8,32,3,4957,19825,11,0.05679697351828499,0.7739722572509458,0.06132741577567077,0.7758725035303611
249,5,60,0.005423211492598057,0.001,8,32,3,4957,19825,11,0.05679697351828499,0.7739722572509458,0.06132741577567077,0.7758725035303611
250,5,70,0.016433196142315865,0.001,8,32,3,4957,19825,11,0.05679697351828499,0.7739722572509458,0.06132741577567077,0.7758725035303611
251,5,80,0.19515390694141388,0.001,8,32,3,4957,19825,11,0.05679697351828499,0.7739722572509458,0.06132741577567077,0.7758725035303611
252,5,90,0.18360517919063568,0.001,8,32,3,4957,19825,11,0.05679697351828499,0.7739722572509458,0.06132741577567077,0.7758725035303611
253,5,100,0.0336751751601696,0.001,8,32,3,4957,19825,11,0.05679697351828499,0.7739722572509458,0.06132741577567077,0.7758725035303611
254,5,110,0.00416046567261219,0.001,8,32,3,4957,19825,11,0.05679697351828499,0.7739722572509458,0.06132741577567077,0.7758725035303611
255,5,120,0.08816468715667725,0.001,8,32,3,4957,19825,11,0.05679697351828499,0.7739722572509458,0.06132741577567077,0.7758725035303611
256,5,130,0.01239061076194048,0.001,8,32,3,4957,19825,11,0.05679697351828499,0.7739722572509458,0.06132741577567077,0.7758725035303611
257,5,140,0.0032653501257300377,0.001,8,32,3,4957,19825,11,0.05679697351828499,0.7739722572509458,0.06132741577567077,0.7758725035303611
258,5,150,0.07527225464582443,0.001,8,32,3,4957,19825,11,0.05679697351828499,0.7739722572509458,0.06132741577567077,0.7758725035303611
259,5,160,0.0339399091899395,0.001,8,32,3,4957,19825,11,0.05679697351828499,0.7739722572509458,0.06132741577567077,0.7758725035303611
260,5,170,0.028114115819334984,0.001,8,32,3,4957,19825,11,0.05679697351828499,0.7739722572509458,0.06132741577567077,0.7758725035303611
261,5,180,0.004068532958626747,0.001,8,32,3,4957,19825,11,0.05679697351828499,0.7739722572509458,0.06132741577567077,0.7758725035303611
262,5,190,0.0020596266258507967,0.001,8,32,3,4957,19825,11,0.05679697351828499,0.7739722572509458,0.06132741577567077,0.7758725035303611
263,5,200,0.17442341148853302,0.001,8,32,3,4957,19825,11,0.05679697351828499,0.7739722572509458,0.06132741577567077,0.7758725035303611
264,5,210,0.07823080569505692,0.001,8,32,3,4957,19825,11,0.05679697351828499,0.7739722572509458,0.06132741577567077,0.7758725035303611
265,5,220,0.0016994777834042907,0.001,8,32,3,4957,19825,11,0.05679697351828499,0.7739722572509458,0.06132741577567077,0.7758725035303611
266,5,230,0.04863046854734421,0.001,8,32,3,4957,19825,11,0.05679697351828499,0.7739722572509458,0.06132741577567077,0.7758725035303611
267,5,240,0.03249232843518257,0.001,8,32,3,4957,19825,11,0.05679697351828499,0.7739722572509458,0.06132741577567077,0.7758725035303611
268,5,250,0.0025281058624386787,0.001,8,32,3,4957,19825,11,0.05679697351828499,0.7739722572509458,0.06132741577567077,0.7758725035303611
269,5,260,0.007370247505605221,0.001,8,32,3,4957,19825,11,0.05679697351828499,0.7739722572509458,0.06132741577567077,0.7758725035303611
270,5,270,0.0054051754996180534,0.001,8,32,3,4957,19825,11,0.05679697351828499,0.7739722572509458,0.06132741577567077,0.7758725035303611
271,5,280,0.06170360743999481,0.001,8,32,3,4957,19825,11,0.05679697351828499,0.7739722572509458,0.06132741577567077,0.7758725035303611
272,5,290,0.05180978775024414,0.001,8,32,3,4957,19825,11,0.05679697351828499,0.7739722572509458,0.06132741577567077,0.7758725035303611
273,5,300,0.008434886112809181,0.001,8,32,3,4957,19825,11,0.05679697351828499,0.7739722572509458,0.06132741577567077,0.7758725035303611
274,5,310,0.009634584188461304,0.001,8,32,3,4957,19825,11,0.05679697351828499,0.7739722572509458,0.06132741577567077,0.7758725035303611
275,5,320,0.01890616863965988,0.001,8,32,3,4957,19825,11,0.05679697351828499,0.7739722572509458,0.06132741577567077,0.7758725035303611
276,5,330,0.0026387826073914766,0.001,8,32,3,4957,19825,11,0.05679697351828499,0.7739722572509458,0.06132741577567077,0.7758725035303611
277,5,340,0.031176332384347916,0.001,8,32,3,4957,19825,11,0.05679697351828499,0.7739722572509458,0.06132741577567077,0.7758725035303611
278,5,350,0.0005485035944730043,0.001,8,32,3,4957,19825,11,0.05679697351828499,0.7739722572509458,0.06132741577567077,0.7758725035303611
279,5,360,0.014668893069028854,0.001,8,32,3,4957,19825,11,0.05679697351828499,0.7739722572509458,0.06132741577567077,0.7758725035303611
280,5,370,0.0030819138046354055,0.001,8,32,3,4957,19825,11,0.05679697351828499,0.7739722572509458,0.06132741577567077,0.7758725035303611
281,5,380,0.0046019284054636955,0.001,8,32,3,4957,19825,11,0.05679697351828499,0.7739722572509458,0.06132741577567077,0.7758725035303611
282,5,390,0.2064182311296463,0.001,8,32,3,4957,19825,11,0.05679697351828499,0.7739722572509458,0.06132741577567077,0.7758725035303611
283,5,400,0.002023286884650588,0.001,8,32,3,4957,19825,11,0.05679697351828499,0.7739722572509458,0.06132741577567077,0.7758725035303611
284,5,410,0.014905466698110104,0.001,8,32,3,4957,19825,11,0.05679697351828499,0.7739722572509458,0.06132741577567077,0.7758725035303611
285,5,420,0.19858098030090332,0.001,8,32,3,4957,19825,11,0.05679697351828499,0.7739722572509458,0.06132741577567077,0.7758725035303611
286,5,430,0.015215258114039898,0.001,8,32,3,4957,19825,11,0.05679697351828499,0.7739722572509458,0.06132741577567077,0.7758725035303611
287,5,440,0.0059893992729485035,0.001,8,32,3,4957,19825,11,0.05679697351828499,0.7739722572509458,0.06132741577567077,0.7758725035303611
288,5,450,0.03361273929476738,0.001,8,32,3,4957,19825,11,0.05679697351828499,0.7739722572509458,0.06132741577567077,0.7758725035303611
289,5,460,0.0010551834711804986,0.001,8,32,3,4957,19825,11,0.05679697351828499,0.7739722572509458,0.06132741577567077,0.7758725035303611
290,5,470,0.0019414359703660011,0.001,8,32,3,4957,19825,11,0.05679697351828499,0.7739722572509458,0.06132741577567077,0.7758725035303611
291,5,480,0.0017312008421868086,0.001,8,32,3,4957,19825,11,0.05679697351828499,0.7739722572509458,0.06132741577567077,0.7758725035303611
292,5,490,0.009599569253623486,0.001,8,32,3,4957,19825,11,0.05679697351828499,0.7739722572509458,0.06132741577567077,0.7758725035303611
293,5,500,0.07495176047086716,0.001,8,32,3,4957,19825,11,0.05679697351828499,0.7739722572509458,0.06132741577567077,0.7758725035303611
294,5,510,0.0035223786253482103,0.001,8,32,3,4957,19825,11,0.05679697351828499,0.7739722572509458,0.06132741577567077,0.7758725035303611
295,5,520,0.0004065647954121232,0.001,8,32,3,4957,19825,11,0.05679697351828499,0.7739722572509458,0.06132741577567077,0.7758725035303611
296,5,530,0.004307970404624939,0.001,8,32,3,4957,19825,11,0.05679697351828499,0.7739722572509458,0.06132741577567077,0.7758725035303611
297,5,540,0.07047971338033676,0.001,8,32,3,4957,19825,11,0.05679697351828499,0.7739722572509458,0.06132741577567077,0.7758725035303611
298,5,550,0.007215259131044149,0.001,8,32,3,4957,19825,11,0.05679697351828499,0.7739722572509458,0.06132741577567077,0.7758725035303611
299,5,560,0.012871446087956429,0.001,8,32,3,4957,19825,11,0.05679697351828499,0.7739722572509458,0.06132741577567077,0.7758725035303611
300,5,570,0.054339103400707245,0.001,8,32,3,4957,19825,11,0.05679697351828499,0.7739722572509458,0.06132741577567077,0.7758725035303611
301,5,580,0.012100853957235813,0.001,8,32,3,4957,19825,11,0.05679697351828499,0.7739722572509458,0.06132741577567077,0.7758725035303611
302,5,590,0.00028267857851460576,0.001,8,32,3,4957,19825,11,0.05679697351828499,0.7739722572509458,0.06132741577567077,0.7758725035303611
303,5,600,0.001569255837239325,0.001,8,32,3,4957,19825,11,0.05679697351828499,0.7739722572509458,0.06132741577567077,0.7758725035303611
304,5,610,0.00029528539744205773,0.001,8,32,3,4957,19825,11,0.05679697351828499,0.7739722572509458,0.06132741577567077,0.7758725035303611
305,6,10,0.001976489555090666,0.001,8,32,3,4957,19825,11,0.05679697351828499,0.7739722572509458,0.06132741577567077,0.7758725035303611
306,6,20,0.0008655632263980806,0.001,8,32,3,4957,19825,11,0.05679697351828499,0.7739722572509458,0.06132741577567077,0.7758725035303611
307,6,30,0.010425364598631859,0.001,8,32,3,4957,19825,11,0.05679697351828499,0.7739722572509458,0.06132741577567077,0.7758725035303611
308,6,40,0.0828038901090622,0.001,8,32,3,4957,19825,11,0.05679697351828499,0.7739722572509458,0.06132741577567077,0.7758725035303611
309,6,50,0.006713334005326033,0.001,8,32,3,4957,19825,11,0.05679697351828499,0.7739722572509458,0.06132741577567077,0.7758725035303611
310,6,60,0.0031053940765559673,0.001,8,32,3,4957,19825,11,0.05679697351828499,0.7739722572509458,0.06132741577567077,0.7758725035303611
311,6,70,0.009267178364098072,0.001,8,32,3,4957,19825,11,0.05679697351828499,0.7739722572509458,0.06132741577567077,0.7758725035303611
312,6,80,0.07969912886619568,0.001,8,32,3,4957,19825,11,0.05679697351828499,0.7739722572509458,0.06132741577567077,0.7758725035303611
313,6,90,0.009831595234572887,0.001,8,32,3,4957,19825,11,0.05679697351828499,0.7739722572509458,0.06132741577567077,0.7758725035303611
314,6,100,0.02419893816113472,0.001,8,32,3,4957,19825,11,0.05679697351828499,0.7739722572509458,0.06132741577567077,0.7758725035303611
315,6,110,0.006154579110443592,0.001,8,32,3,4957,19825,11,0.05679697351828499,0.7739722572509458,0.06132741577567077,0.7758725035303611
316,6,120,0.04937778785824776,0.001,8,32,3,4957,19825,11,0.05679697351828499,0.7739722572509458,0.06132741577567077,0.7758725035303611
317,6,130,0.0051704272627830505,0.001,8,32,3,4957,19825,11,0.05679697351828499,0.7739722572509458,0.06132741577567077,0.7758725035303611
318,6,140,0.0012530419044196606,0.001,8,32,3,4957,19825,11,0.05679697351828499,0.7739722572509458,0.06132741577567077,0.7758725035303611
319,6,150,0.01096821203827858,0.001,8,32,3,4957,19825,11,0.05679697351828499,0.7739722572509458,0.06132741577567077,0.7758725035303611
320,6,160,0.026347612962126732,0.001,8,32,3,4957,19825,11,0.05679697351828499,0.7739722572509458,0.06132741577567077,0.7758725035303611
321,6,170,0.03414847329258919,0.001,8,32,3,4957,19825,11,0.05679697351828499,0.7739722572509458,0.06132741577567077,0.7758725035303611
322,6,180,0.0017684056656435132,0.001,8,32,3,4957,19825,11,0.05679697351828499,0.7739722572509458,0.06132741577567077,0.7758725035303611
323,6,190,0.0012944807531312108,0.001,8,32,3,4957,19825,11,0.05679697351828499,0.7739722572509458,0.06132741577567077,0.7758725035303611
324,6,200,0.11777673661708832,0.001,8,32,3,4957,19825,11,0.05679697351828499,0.7739722572509458,0.06132741577567077,0.7758725035303611
325,6,210,0.06513021141290665,0.001,8,32,3,4957,19825,11,0.05679697351828499,0.7739722572509458,0.06132741577567077,0.7758725035303611
326,6,220,0.0007453336729668081,0.001,8,32,3,4957,19825,11,0.05679697351828499,0.7739722572509458,0.06132741577567077,0.7758725035303611
327,6,230,0.0356176383793354,0.001,8,32,3,4957,19825,11,0.05679697351828499,0.7739722572509458,0.06132741577567077,0.7758725035303611
328,6,240,0.0069115785881876945,0.001,8,32,3,4957,19825,11,0.05679697351828499,0.7739722572509458,0.06132741577567077,0.7758725035303611
329,6,250,0.0012251816224306822,0.001,8,32,3,4957,19825,11,0.05679697351828499,0.7739722572509458,0.06132741577567077,0.7758725035303611
330,6,260,0.00379820610396564,0.001,8,32,3,4957,19825,11,0.05679697351828499,0.7739722572509458,0.06132741577567077,0.7758725035303611
331,6,270,0.003900726791471243,0.001,8,32,3,4957,19825,11,0.05679697351828499,0.7739722572509458,0.06132741577567077,0.7758725035303611
332,6,280,0.051373060792684555,0.001,8,32,3,4957,19825,11,0.05679697351828499,0.7739722572509458,0.06132741577567077,0.7758725035303611
333,6,290,0.017239606007933617,0.001,8,32,3,4957,19825,11,0.05679697351828499,0.7739722572509458,0.06132741577567077,0.7758725035303611
334,6,300,0.0037389907520264387,0.001,8,32,3,4957,19825,11,0.05679697351828499,0.7739722572509458,0.06132741577567077,0.7758725035303611
335,6,310,0.004274455364793539,0.001,8,32,3,4957,19825,11,0.05679697351828499,0.7739722572509458,0.06132741577567077,0.7758725035303611
336,6,320,0.0038423598743975163,0.001,8,32,3,4957,19825,11,0.05679697351828499,0.7739722572509458,0.06132741577567077,0.7758725035303611
337,6,330,0.0006235218024812639,0.001,8,32,3,4957,19825,11,0.05679697351828499,0.7739722572509458,0.06132741577567077,0.7758725035303611
338,6,340,0.01908237859606743,0.001,8,32,3,4957,19825,11,0.05679697351828499,0.7739722572509458,0.06132741577567077,0.7758725035303611
339,6,350,0.0009024676983244717,0.001,8,32,3,4957,19825,11,0.05679697351828499,0.7739722572509458,0.06132741577567077,0.7758725035303611
340,6,360,0.0024062914308160543,0.001,8,32,3,4957,19825,11,0.05679697351828499,0.7739722572509458,0.06132741577567077,0.7758725035303611
341,6,370,0.006213528104126453,0.001,8,32,3,4957,19825,11,0.05679697351828499,0.7739722572509458,0.06132741577567077,0.7758725035303611
342,6,380,0.002477609785273671,0.001,8,32,3,4957,19825,11,0.05679697351828499,0.7739722572509458,0.06132741577567077,0.7758725035303611
343,6,390,0.002879608888179064,0.001,8,32,3,4957,19825,11,0.05679697351828499,0.7739722572509458,0.06132741577567077,0.7758725035303611
344,6,400,0.0009428815101273358,0.001,8,32,3,4957,19825,11,0.05679697351828499,0.7739722572509458,0.06132741577567077,0.7758725035303611
345,6,410,0.007278881035745144,0.001,8,32,3,4957,19825,11,0.05679697351828499,0.7739722572509458,0.06132741577567077,0.7758725035303611
346,6,420,0.09105592221021652,0.001,8,32,3,4957,19825,11,0.05679697351828499,0.7739722572509458,0.06132741577567077,0.7758725035303611
347,6,430,0.00334939151071012,0.001,8,32,3,4957,19825,11,0.05679697351828499,0.7739722572509458,0.06132741577567077,0.7758725035303611
348,6,440,0.004303320311009884,0.001,8,32,3,4957,19825,11,0.05679697351828499,0.7739722572509458,0.06132741577567077,0.7758725035303611
349,6,450,0.020476462319493294,0.001,8,32,3,4957,19825,11,0.05679697351828499,0.7739722572509458,0.06132741577567077,0.7758725035303611
350,6,460,0.002823921386152506,0.001,8,32,3,4957,19825,11,0.05679697351828499,0.7739722572509458,0.06132741577567077,0.7758725035303611
351,6,470,0.0006181721109896898,0.001,8,32,3,4957,19825,11,0.05679697351828499,0.7739722572509458,0.06132741577567077,0.7758725035303611
352,6,480,0.0004973642062395811,0.001,8,32,3,4957,19825,11,0.05679697351828499,0.7739722572509458,0.06132741577567077,0.7758725035303611
353,6,490,0.0009590367553755641,0.001,8,32,3,4957,19825,11,0.05679697351828499,0.7739722572509458,0.06132741577567077,0.7758725035303611
354,6,500,0.04070768505334854,0.001,8,32,3,4957,19825,11,0.05679697351828499,0.7739722572509458,0.06132741577567077,0.7758725035303611
355,6,510,0.0010507071856409311,0.001,8,32,3,4957,19825,11,0.05679697351828499,0.7739722572509458,0.06132741577567077,0.7758725035303611
356,6,520,0.00026208508643321693,0.001,8,32,3,4957,19825,11,0.05679697351828499,0.7739722572509458,0.06132741577567077,0.7758725035303611
357,6,530,0.003671937622129917,0.001,8,32,3,4957,19825,11,0.05679697351828499,0.7739722572509458,0.06132741577567077,0.7758725035303611
358,6,540,0.024623453617095947,0.001,8,32,3,4957,19825,11,0.05679697351828499,0.7739722572509458,0.06132741577567077,0.7758725035303611
359,6,550,0.0018795287469401956,0.001,8,32,3,4957,19825,11,0.05679697351828499,0.7739722572509458,0.06132741577567077,0.7758725035303611
360,6,560,0.0017977673560380936,0.001,8,32,3,4957,19825,11,0.05679697351828499,0.7739722572509458,0.06132741577567077,0.7758725035303611
361,6,570,0.014067021198570728,0.001,8,32,3,4957,19825,11,0.05679697351828499,0.7739722572509458,0.06132741577567077,0.7758725035303611
362,6,580,0.004086835775524378,0.001,8,32,3,4957,19825,11,0.05679697351828499,0.7739722572509458,0.06132741577567077,0.7758725035303611
363,6,590,0.00012668213457800448,0.001,8,32,3,4957,19825,11,0.05679697351828499,0.7739722572509458,0.06132741577567077,0.7758725035303611
364,6,600,0.0004521263763308525,0.001,8,32,3,4957,19825,11,0.05679697351828499,0.7739722572509458,0.06132741577567077,0.7758725035303611
365,6,610,0.00012683164095506072,0.001,8,32,3,4957,19825,11,0.05679697351828499,0.7739722572509458,0.06132741577567077,0.7758725035303611
366,7,10,0.004056908190250397,0.001,8,32,3,4957,19825,11,0.05679697351828499,0.7739722572509458,0.06132741577567077,0.7758725035303611
367,7,20,0.0003635041357483715,0.001,8,32,3,4957,19825,11,0.05679697351828499,0.7739722572509458,0.06132741577567077,0.7758725035303611
368,7,30,0.002344890497624874,0.001,8,32,3,4957,19825,11,0.05679697351828499,0.7739722572509458,0.06132741577567077,0.7758725035303611
369,7,40,0.07809780538082123,0.001,8,32,3,4957,19825,11,0.05679697351828499,0.7739722572509458,0.06132741577567077,0.7758725035303611
370,7,50,0.00617433525621891,0.001,8,32,3,4957,19825,11,0.05679697351828499,0.7739722572509458,0.06132741577567077,0.7758725035303611
371,7,60,0.001294215559028089,0.001,8,32,3,4957,19825,11,0.05679697351828499,0.7739722572509458,0.06132741577567077,0.7758725035303611
372,7,70,0.005183370318263769,0.001,8,32,3,4957,19825,11,0.05679697351828499,0.7739722572509458,0.06132741577567077,0.7758725035303611
373,7,80,0.009320037439465523,0.001,8,32,3,4957,19825,11,0.05679697351828499,0.7739722572509458,0.06132741577567077,0.7758725035303611
374,7,90,0.0004983879043720663,0.001,8,32,3,4957,19825,11,0.05679697351828499,0.7739722572509458,0.06132741577567077,0.7758725035303611
375,7,100,0.004396607633680105,0.001,8,32,3,4957,19825,11,0.05679697351828499,0.7739722572509458,0.06132741577567077,0.7758725035303611
376,7,110,0.001163968350738287,0.001,8,32,3,4957,19825,11,0.05679697351828499,0.7739722572509458,0.06132741577567077,0.7758725035303611
377,7,120,0.012095402926206589,0.001,8,32,3,4957,19825,11,0.05679697351828499,0.7739722572509458,0.06132741577567077,0.7758725035303611
378,7,130,0.002135666087269783,0.001,8,32,3,4957,19825,11,0.05679697351828499,0.7739722572509458,0.06132741577567077,0.7758725035303611
379,7,140,0.000637417659163475,0.001,8,32,3,4957,19825,11,0.05679697351828499,0.7739722572509458,0.06132741577567077,0.7758725035303611
380,7,150,0.0008182210731320083,0.001,8,32,3,4957,19825,11,0.05679697351828499,0.7739722572509458,0.06132741577567077,0.7758725035303611
381,7,160,0.007606104481965303,0.001,8,32,3,4957,19825,11,0.05679697351828499,0.7739722572509458,0.06132741577567077,0.7758725035303611
382,7,170,0.03544795885682106,0.001,8,32,3,4957,19825,11,0.05679697351828499,0.7739722572509458,0.06132741577567077,0.7758725035303611
383,7,180,0.00387532077729702,0.001,8,32,3,4957,19825,11,0.05679697351828499,0.7739722572509458,0.06132741577567077,0.7758725035303611
384,7,190,0.0009360175463370979,0.001,8,32,3,4957,19825,11,0.05679697351828499,0.7739722572509458,0.06132741577567077,0.7758725035303611
385,7,200,0.04379092529416084,0.001,8,32,3,4957,19825,11,0.05679697351828499,0.7739722572509458,0.06132741577567077,0.7758725035303611
386,7,210,0.05123124271631241,0.001,8,32,3,4957,19825,11,0.05679697351828499,0.7739722572509458,0.06132741577567077,0.7758725035303611
387,7,220,0.00027472234796732664,0.001,8,32,3,4957,19825,11,0.05679697351828499,0.7739722572509458,0.06132741577567077,0.7758725035303611
388,7,230,0.022173231467604637,0.001,8,32,3,4957,19825,11,0.05679697351828499,0.7739722572509458,0.06132741577567077,0.7758725035303611
389,7,240,0.0009530012030154467,0.001,8,32,3,4957,19825,11,0.05679697351828499,0.7739722572509458,0.06132741577567077,0.7758725035303611
390,7,250,0.0008149560308083892,0.001,8,32,3,4957,19825,11,0.05679697351828499,0.7739722572509458,0.06132741577567077,0.7758725035303611
391,7,260,0.0017958597745746374,0.001,8,32,3,4957,19825,11,0.05679697351828499,0.7739722572509458,0.06132741577567077,0.7758725035303611
392,7,270,0.0021148573141545057,0.001,8,32,3,4957,19825,11,0.05679697351828499,0.7739722572509458,0.06132741577567077,0.7758725035303611
393,7,280,0.05963001400232315,0.001,8,32,3,4957,19825,11,0.05679697351828499,0.7739722572509458,0.06132741577567077,0.7758725035303611
394,7,290,0.007031332701444626,0.001,8,32,3,4957,19825,11,0.05679697351828499,0.7739722572509458,0.06132741577567077,0.7758725035303611
395,7,300,0.0017579783452674747,0.001,8,32,3,4957,19825,11,0.05679697351828499,0.7739722572509458,0.06132741577567077,0.7758725035303611
396,7,310,0.0014726037625223398,0.001,8,32,3,4957,19825,11,0.05679697351828499,0.7739722572509458,0.06132741577567077,0.7758725035303611
397,7,320,0.0034487817902117968,0.001,8,32,3,4957,19825,11,0.05679697351828499,0.7739722572509458,0.06132741577567077,0.7758725035303611
398,7,330,0.0005605005426332355,0.001,8,32,3,4957,19825,11,0.05679697351828499,0.7739722572509458,0.06132741577567077,0.7758725035303611
399,7,340,0.01031515933573246,0.001,8,32,3,4957,19825,11,0.05679697351828499,0.7739722572509458,0.06132741577567077,0.7758725035303611
400,7,350,0.0004982248647138476,0.001,8,32,3,4957,19825,11,0.05679697351828499,0.7739722572509458,0.06132741577567077,0.7758725035303611
401,7,360,0.0006463035242632031,0.001,8,32,3,4957,19825,11,0.05679697351828499,0.7739722572509458,0.06132741577567077,0.7758725035303611
402,7,370,0.0002212401304859668,0.001,8,32,3,4957,19825,11,0.05679697351828499,0.7739722572509458,0.06132741577567077,0.7758725035303611
403,7,380,0.0015848090406507254,0.001,8,32,3,4957,19825,11,0.05679697351828499,0.7739722572509458,0.06132741577567077,0.7758725035303611
404,7,390,0.0006039767758920789,0.001,8,32,3,4957,19825,11,0.05679697351828499,0.7739722572509458,0.06132741577567077,0.7758725035303611
405,7,400,0.0005017462535761297,0.001,8,32,3,4957,19825,11,0.05679697351828499,0.7739722572509458,0.06132741577567077,0.7758725035303611
406,7,410,0.007600441575050354,0.001,8,32,3,4957,19825,11,0.05679697351828499,0.7739722572509458,0.06132741577567077,0.7758725035303611
407,7,420,0.0061968364752829075,0.001,8,32,3,4957,19825,11,0.05679697351828499,0.7739722572509458,0.06132741577567077,0.7758725035303611
408,7,430,0.0017028461443260312,0.001,8,32,3,4957,19825,11,0.05679697351828499,0.7739722572509458,0.06132741577567077,0.7758725035303611
409,7,440,0.004504662472754717,0.001,8,32,3,4957,19825,11,0.05679697351828499,0.7739722572509458,0.06132741577567077,0.7758725035303611
410,7,450,0.009155002422630787,0.001,8,32,3,4957,19825,11,0.05679697351828499,0.7739722572509458,0.06132741577567077,0.7758725035303611
411,7,460,0.0002435728965792805,0.001,8,32,3,4957,19825,11,0.05679697351828499,0.7739722572509458,0.06132741577567077,0.7758725035303611
412,7,470,0.0005190063384361565,0.001,8,32,3,4957,19825,11,0.05679697351828499,0.7739722572509458,0.06132741577567077,0.7758725035303611
413,7,480,0.0010532318847253919,0.001,8,32,3,4957,19825,11,0.05679697351828499,0.7739722572509458,0.06132741577567077,0.7758725035303611
414,7,490,0.0010009587276726961,0.001,8,32,3,4957,19825,11,0.05679697351828499,0.7739722572509458,0.06132741577567077,0.7758725035303611
415,7,500,0.012474971823394299,0.001,8,32,3,4957,19825,11,0.05679697351828499,0.7739722572509458,0.06132741577567077,0.7758725035303611
416,7,510,0.0004754826077260077,0.001,8,32,3,4957,19825,11,0.05679697351828499,0.7739722572509458,0.06132741577567077,0.7758725035303611
417,7,520,7.476586324628443e-05,0.001,8,32,3,4957,19825,11,0.05679697351828499,0.7739722572509458,0.06132741577567077,0.7758725035303611
418,7,530,0.002384468913078308,0.001,8,32,3,4957,19825,11,0.05679697351828499,0.7739722572509458,0.06132741577567077,0.7758725035303611
419,7,540,0.011122445575892925,0.001,8,32,3,4957,19825,11,0.05679697351828499,0.7739722572509458,0.06132741577567077,0.7758725035303611
420,7,550,0.000848672934807837,0.001,8,32,3,4957,19825,11,0.05679697351828499,0.7739722572509458,0.06132741577567077,0.7758725035303611
421,7,560,0.001886684913188219,0.001,8,32,3,4957,19825,11,0.05679697351828499,0.7739722572509458,0.06132741577567077,0.7758725035303611
422,7,570,0.005111616104841232,0.001,8,32,3,4957,19825,11,0.05679697351828499,0.7739722572509458,0.06132741577567077,0.7758725035303611
423,7,580,0.007685083895921707,0.001,8,32,3,4957,19825,11,0.05679697351828499,0.7739722572509458,0.06132741577567077,0.7758725035303611
424,7,590,7.001085032243282e-05,0.001,8,32,3,4957,19825,11,0.05679697351828499,0.7739722572509458,0.06132741577567077,0.7758725035303611
425,7,600,0.00034515169681981206,0.001,8,32,3,4957,19825,11,0.05679697351828499,0.7739722572509458,0.06132741577567077,0.7758725035303611
426,7,610,9.25862550502643e-05,0.001,8,32,3,4957,19825,11,0.05679697351828499,0.7739722572509458,0.06132741577567077,0.7758725035303611
427,8,10,0.0017585583264008164,0.001,8,32,3,4957,19825,11,0.05679697351828499,0.7739722572509458,0.06132741577567077,0.7758725035303611
428,8,20,0.00020649173529818654,0.001,8,32,3,4957,19825,11,0.05679697351828499,0.7739722572509458,0.06132741577567077,0.7758725035303611
429,8,30,0.0005617129500024021,0.001,8,32,3,4957,19825,11,0.05679697351828499,0.7739722572509458,0.06132741577567077,0.7758725035303611
430,8,40,0.06824854761362076,0.001,8,32,3,4957,19825,11,0.05679697351828499,0.7739722572509458,0.06132741577567077,0.7758725035303611
431,8,50,0.035430241376161575,0.001,8,32,3,4957,19825,11,0.05679697351828499,0.7739722572509458,0.06132741577567077,0.7758725035303611
432,8,60,0.00048817411880008876,0.001,8,32,3,4957,19825,11,0.05679697351828499,0.7739722572509458,0.06132741577567077,0.7758725035303611
433,8,70,0.001322045922279358,0.001,8,32,3,4957,19825,11,0.05679697351828499,0.7739722572509458,0.06132741577567077,0.7758725035303611
434,8,80,0.004852281417697668,0.001,8,32,3,4957,19825,11,0.05679697351828499,0.7739722572509458,0.06132741577567077,0.7758725035303611
435,8,90,0.00021665391977876425,0.001,8,32,3,4957,19825,11,0.05679697351828499,0.7739722572509458,0.06132741577567077,0.7758725035303611
436,8,100,0.00615364033728838,0.001,8,32,3,4957,19825,11,0.05679697351828499,0.7739722572509458,0.06132741577567077,0.7758725035303611
437,8,110,0.0005076297675259411,0.001,8,32,3,4957,19825,11,0.05679697351828499,0.7739722572509458,0.06132741577567077,0.7758725035303611
438,8,120,0.0025208392180502415,0.001,8,32,3,4957,19825,11,0.05679697351828499,0.7739722572509458,0.06132741577567077,0.7758725035303611
439,8,130,0.001584283192642033,0.001,8,32,3,4957,19825,11,0.05679697351828499,0.7739722572509458,0.06132741577567077,0.7758725035303611
440,8,140,0.0003124989161733538,0.001,8,32,3,4957,19825,11,0.05679697351828499,0.7739722572509458,0.06132741577567077,0.7758725035303611
441,8,150,0.0016314091626554728,0.001,8,32,3,4957,19825,11,0.05679697351828499,0.7739722572509458,0.06132741577567077,0.7758725035303611
442,8,160,0.006376924458891153,0.001,8,32,3,4957,19825,11,0.05679697351828499,0.7739722572509458,0.06132741577567077,0.7758725035303611
443,8,170,0.02657020092010498,0.001,8,32,3,4957,19825,11,0.05679697351828499,0.7739722572509458,0.06132741577567077,0.7758725035303611
444,8,180,0.0012157511664554477,0.001,8,32,3,4957,19825,11,0.05679697351828499,0.7739722572509458,0.06132741577567077,0.7758725035303611
445,8,190,0.00035614846274256706,0.001,8,32,3,4957,19825,11,0.05679697351828499,0.7739722572509458,0.06132741577567077,0.7758725035303611
446,8,200,0.0014040470123291016,0.001,8,32,3,4957,19825,11,0.05679697351828499,0.7739722572509458,0.06132741577567077,0.7758725035303611
447,8,210,0.04954256862401962,0.001,8,32,3,4957,19825,11,0.05679697351828499,0.7739722572509458,0.06132741577567077,0.7758725035303611
448,8,220,0.00021304954134393483,0.001,8,32,3,4957,19825,11,0.05679697351828499,0.7739722572509458,0.06132741577567077,0.7758725035303611
449,8,230,0.009054419584572315,0.001,8,32,3,4957,19825,11,0.05679697351828499,0.7739722572509458,0.06132741577567077,0.7758725035303611
450,8,240,0.0006695238989777863,0.001,8,32,3,4957,19825,11,0.05679697351828499,0.7739722572509458,0.06132741577567077,0.7758725035303611
451,8,250,0.00036117894342169166,0.001,8,32,3,4957,19825,11,0.05679697351828499,0.7739722572509458,0.06132741577567077,0.7758725035303611
452,8,260,0.0011622336460277438,0.001,8,32,3,4957,19825,11,0.05679697351828499,0.7739722572509458,0.06132741577567077,0.7758725035303611
453,8,270,0.0014625529292970896,0.001,8,32,3,4957,19825,11,0.05679697351828499,0.7739722572509458,0.06132741577567077,0.7758725035303611
454,8,280,0.04929838702082634,0.001,8,32,3,4957,19825,11,0.05679697351828499,0.7739722572509458,0.06132741577567077,0.7758725035303611
455,8,290,0.0018339502857998013,0.001,8,32,3,4957,19825,11,0.05679697351828499,0.7739722572509458,0.06132741577567077,0.7758725035303611
456,8,300,0.0011097068199887872,0.001,8,32,3,4957,19825,11,0.05679697351828499,0.7739722572509458,0.06132741577567077,0.7758725035303611
457,8,310,0.0011862940154969692,0.001,8,32,3,4957,19825,11,0.05679697351828499,0.7739722572509458,0.06132741577567077,0.7758725035303611
458,8,320,0.0004613685596268624,0.001,8,32,3,4957,19825,11,0.05679697351828499,0.7739722572509458,0.06132741577567077,0.7758725035303611
459,8,330,0.00014853976608719677,0.001,8,32,3,4957,19825,11,0.05679697351828499,0.7739722572509458,0.06132741577567077,0.7758725035303611
460,8,340,0.0028359571006149054,0.001,8,32,3,4957,19825,11,0.05679697351828499,0.7739722572509458,0.06132741577567077,0.7758725035303611
461,8,350,0.00022570521105080843,0.001,8,32,3,4957,19825,11,0.05679697351828499,0.7739722572509458,0.06132741577567077,0.7758725035303611
462,8,360,0.0016346846241503954,0.001,8,32,3,4957,19825,11,0.05679697351828499,0.7739722572509458,0.06132741577567077,0.7758725035303611
463,8,370,0.00020758321625180542,0.001,8,32,3,4957,19825,11,0.05679697351828499,0.7739722572509458,0.06132741577567077,0.7758725035303611
464,8,380,0.0006959369056858122,0.001,8,32,3,4957,19825,11,0.05679697351828499,0.7739722572509458,0.06132741577567077,0.7758725035303611
465,8,390,0.0006251336308196187,0.001,8,32,3,4957,19825,11,0.05679697351828499,0.7739722572509458,0.06132741577567077,0.7758725035303611
466,8,400,0.00044243212323635817,0.001,8,32,3,4957,19825,11,0.05679697351828499,0.7739722572509458,0.06132741577567077,0.7758725035303611
467,8,410,0.004054103512316942,0.001,8,32,3,4957,19825,11,0.05679697351828499,0.7739722572509458,0.06132741577567077,0.7758725035303611
468,8,420,0.004493604879826307,0.001,8,32,3,4957,19825,11,0.05679697351828499,0.7739722572509458,0.06132741577567077,0.7758725035303611
469,8,430,0.0012339078821241856,0.001,8,32,3,4957,19825,11,0.05679697351828499,0.7739722572509458,0.06132741577567077,0.7758725035303611
470,8,440,0.0012010072823613882,0.001,8,32,3,4957,19825,11,0.05679697351828499,0.7739722572509458,0.06132741577567077,0.7758725035303611
471,8,450,0.01360632386058569,0.001,8,32,3,4957,19825,11,0.05679697351828499,0.7739722572509458,0.06132741577567077,0.7758725035303611
472,8,460,0.00017583173757884651,0.001,8,32,3,4957,19825,11,0.05679697351828499,0.7739722572509458,0.06132741577567077,0.7758725035303611
473,8,470,0.00017968393513001502,0.001,8,32,3,4957,19825,11,0.05679697351828499,0.7739722572509458,0.06132741577567077,0.7758725035303611
474,8,480,0.00015768283628858626,0.001,8,32,3,4957,19825,11,0.05679697351828499,0.7739722572509458,0.06132741577567077,0.7758725035303611
475,8,490,0.0005503728752955794,0.001,8,32,3,4957,19825,11,0.05679697351828499,0.7739722572509458,0.06132741577567077,0.7758725035303611
476,8,500,0.0036603636108338833,0.001,8,32,3,4957,19825,11,0.05679697351828499,0.7739722572509458,0.06132741577567077,0.7758725035303611
477,8,510,0.0003064931370317936,0.001,8,32,3,4957,19825,11,0.05679697351828499,0.7739722572509458,0.06132741577567077,0.7758725035303611
478,8,520,4.339207589509897e-05,0.001,8,32,3,4957,19825,11,0.05679697351828499,0.7739722572509458,0.06132741577567077,0.7758725035303611
479,8,530,0.002161741489544511,0.001,8,32,3,4957,19825,11,0.05679697351828499,0.7739722572509458,0.06132741577567077,0.7758725035303611
480,8,540,0.01783480867743492,0.001,8,32,3,4957,19825,11,0.05679697351828499,0.7739722572509458,0.06132741577567077,0.7758725035303611
481,8,550,0.00040013520629145205,0.001,8,32,3,4957,19825,11,0.05679697351828499,0.7739722572509458,0.06132741577567077,0.7758725035303611
482,8,560,0.004487899597734213,0.001,8,32,3,4957,19825,11,0.05679697351828499,0.7739722572509458,0.06132741577567077,0.7758725035303611
483,8,570,0.0010731619549915195,0.001,8,32,3,4957,19825,11,0.05679697351828499,0.7739722572509458,0.06132741577567077,0.7758725035303611
484,8,580,0.0053301542066037655,0.001,8,32,3,4957,19825,11,0.05679697351828499,0.7739722572509458,0.06132741577567077,0.7758725035303611
485,8,590,4.9964641220867634e-05,0.001,8,32,3,4957,19825,11,0.05679697351828499,0.7739722572509458,0.06132741577567077,0.7758725035303611
486,8,600,0.0007571406313218176,0.001,8,32,3,4957,19825,11,0.05679697351828499,0.7739722572509458,0.06132741577567077,0.7758725035303611
487,8,610,6.077556827221997e-05,0.001,8,32,3,4957,19825,11,0.05679697351828499,0.7739722572509458,0.06132741577567077,0.7758725035303611
