,Epoch,Step,Loss,learning_rate,num_epochs,batch_size,num_classes,test_size,train_size,seed,train_class_proportion_not hate speech,train_class_proportion_hate speech,test_class_proportion_not hate speech,test_class_proportion_hate speech
0,1,1,0.7078157067298889,0.001,8,32,2,612,2444,11,0.73,0.27,0.68,0.32
1,1,2,0.7014992237091064,0.001,8,32,2,612,2444,11,0.73,0.27,0.68,0.32
2,1,3,0.6958585381507874,0.001,8,32,2,612,2444,11,0.73,0.27,0.68,0.32
3,1,4,0.6890044212341309,0.001,8,32,2,612,2444,11,0.73,0.27,0.68,0.32
4,1,5,0.6945593953132629,0.001,8,32,2,612,2444,11,0.73,0.27,0.68,0.32
5,1,6,0.6689722537994385,0.001,8,32,2,612,2444,11,0.73,0.27,0.68,0.32
6,1,7,0.6936044692993164,0.001,8,32,2,612,2444,11,0.73,0.27,0.68,0.32
7,1,8,0.6617575287818909,0.001,8,32,2,612,2444,11,0.73,0.27,0.68,0.32
8,1,9,0.6882935762405396,0.001,8,32,2,612,2444,11,0.73,0.27,0.68,0.32
9,1,10,0.6728976964950562,0.001,8,32,2,612,2444,11,0.73,0.27,0.68,0.32
10,1,11,0.6627331972122192,0.001,8,32,2,612,2444,11,0.73,0.27,0.68,0.32
11,1,12,0.6613918542861938,0.001,8,32,2,612,2444,11,0.73,0.27,0.68,0.32
12,1,13,0.628654420375824,0.001,8,32,2,612,2444,11,0.73,0.27,0.68,0.32
13,1,14,0.6723659038543701,0.001,8,32,2,612,2444,11,0.73,0.27,0.68,0.32
14,1,15,0.6323963403701782,0.001,8,32,2,612,2444,11,0.73,0.27,0.68,0.32
15,1,16,0.6324156522750854,0.001,8,32,2,612,2444,11,0.73,0.27,0.68,0.32
16,1,17,0.5910025835037231,0.001,8,32,2,612,2444,11,0.73,0.27,0.68,0.32
17,1,18,0.6454825401306152,0.001,8,32,2,612,2444,11,0.73,0.27,0.68,0.32
18,1,19,0.624085009098053,0.001,8,32,2,612,2444,11,0.73,0.27,0.68,0.32
19,1,20,0.6108188629150391,0.001,8,32,2,612,2444,11,0.73,0.27,0.68,0.32
20,1,21,0.6193629503250122,0.001,8,32,2,612,2444,11,0.73,0.27,0.68,0.32
21,1,22,0.5988941788673401,0.001,8,32,2,612,2444,11,0.73,0.27,0.68,0.32
22,1,23,0.5426430702209473,0.001,8,32,2,612,2444,11,0.73,0.27,0.68,0.32
23,1,24,0.5743229389190674,0.001,8,32,2,612,2444,11,0.73,0.27,0.68,0.32
24,1,25,0.5328384637832642,0.001,8,32,2,612,2444,11,0.73,0.27,0.68,0.32
25,1,26,0.6121689677238464,0.001,8,32,2,612,2444,11,0.73,0.27,0.68,0.32
26,1,27,0.5649169087409973,0.001,8,32,2,612,2444,11,0.73,0.27,0.68,0.32
27,1,28,0.5074612498283386,0.001,8,32,2,612,2444,11,0.73,0.27,0.68,0.32
28,1,29,0.4715277850627899,0.001,8,32,2,612,2444,11,0.73,0.27,0.68,0.32
29,1,30,0.6024702787399292,0.001,8,32,2,612,2444,11,0.73,0.27,0.68,0.32
30,1,31,0.5137353539466858,0.001,8,32,2,612,2444,11,0.73,0.27,0.68,0.32
31,1,32,0.6348782777786255,0.001,8,32,2,612,2444,11,0.73,0.27,0.68,0.32
32,1,33,0.48055264353752136,0.001,8,32,2,612,2444,11,0.73,0.27,0.68,0.32
33,1,34,0.6125672459602356,0.001,8,32,2,612,2444,11,0.73,0.27,0.68,0.32
34,1,35,0.7989212274551392,0.001,8,32,2,612,2444,11,0.73,0.27,0.68,0.32
35,1,36,0.5844601392745972,0.001,8,32,2,612,2444,11,0.73,0.27,0.68,0.32
36,1,37,0.5264084935188293,0.001,8,32,2,612,2444,11,0.73,0.27,0.68,0.32
37,1,38,0.6894636750221252,0.001,8,32,2,612,2444,11,0.73,0.27,0.68,0.32
38,1,39,0.6637246012687683,0.001,8,32,2,612,2444,11,0.73,0.27,0.68,0.32
39,1,40,0.478333443403244,0.001,8,32,2,612,2444,11,0.73,0.27,0.68,0.32
40,1,41,0.48213109374046326,0.001,8,32,2,612,2444,11,0.73,0.27,0.68,0.32
41,1,42,0.6269542574882507,0.001,8,32,2,612,2444,11,0.73,0.27,0.68,0.32
42,1,43,0.535256028175354,0.001,8,32,2,612,2444,11,0.73,0.27,0.68,0.32
43,1,44,0.44578710198402405,0.001,8,32,2,612,2444,11,0.73,0.27,0.68,0.32
44,1,45,0.5410498976707458,0.001,8,32,2,612,2444,11,0.73,0.27,0.68,0.32
45,1,46,0.5999581813812256,0.001,8,32,2,612,2444,11,0.73,0.27,0.68,0.32
46,1,47,0.513029158115387,0.001,8,32,2,612,2444,11,0.73,0.27,0.68,0.32
47,1,48,0.566132128238678,0.001,8,32,2,612,2444,11,0.73,0.27,0.68,0.32
48,1,49,0.4756963849067688,0.001,8,32,2,612,2444,11,0.73,0.27,0.68,0.32
49,1,50,0.5201638340950012,0.001,8,32,2,612,2444,11,0.73,0.27,0.68,0.32
50,1,51,0.5078705549240112,0.001,8,32,2,612,2444,11,0.73,0.27,0.68,0.32
51,1,52,0.5170748829841614,0.001,8,32,2,612,2444,11,0.73,0.27,0.68,0.32
52,1,53,0.47637665271759033,0.001,8,32,2,612,2444,11,0.73,0.27,0.68,0.32
53,1,54,0.5097607374191284,0.001,8,32,2,612,2444,11,0.73,0.27,0.68,0.32
54,1,55,0.5468635559082031,0.001,8,32,2,612,2444,11,0.73,0.27,0.68,0.32
55,1,56,0.5059859752655029,0.001,8,32,2,612,2444,11,0.73,0.27,0.68,0.32
56,1,57,0.3212202489376068,0.001,8,32,2,612,2444,11,0.73,0.27,0.68,0.32
57,1,58,0.4462032616138458,0.001,8,32,2,612,2444,11,0.73,0.27,0.68,0.32
58,1,59,0.381108820438385,0.001,8,32,2,612,2444,11,0.73,0.27,0.68,0.32
59,1,60,0.34656694531440735,0.001,8,32,2,612,2444,11,0.73,0.27,0.68,0.32
60,1,61,0.4639292359352112,0.001,8,32,2,612,2444,11,0.73,0.27,0.68,0.32
61,1,62,0.602722704410553,0.001,8,32,2,612,2444,11,0.73,0.27,0.68,0.32
62,1,63,0.3127354681491852,0.001,8,32,2,612,2444,11,0.73,0.27,0.68,0.32
63,1,64,0.428800493478775,0.001,8,32,2,612,2444,11,0.73,0.27,0.68,0.32
64,1,65,0.46792739629745483,0.001,8,32,2,612,2444,11,0.73,0.27,0.68,0.32
65,1,66,0.349396675825119,0.001,8,32,2,612,2444,11,0.73,0.27,0.68,0.32
66,1,67,0.32174551486968994,0.001,8,32,2,612,2444,11,0.73,0.27,0.68,0.32
67,1,68,0.5587915182113647,0.001,8,32,2,612,2444,11,0.73,0.27,0.68,0.32
68,1,69,0.5432866811752319,0.001,8,32,2,612,2444,11,0.73,0.27,0.68,0.32
69,1,70,0.5303338170051575,0.001,8,32,2,612,2444,11,0.73,0.27,0.68,0.32
70,1,71,0.5969609618186951,0.001,8,32,2,612,2444,11,0.73,0.27,0.68,0.32
71,1,72,0.5681220293045044,0.001,8,32,2,612,2444,11,0.73,0.27,0.68,0.32
72,1,73,0.4151238799095154,0.001,8,32,2,612,2444,11,0.73,0.27,0.68,0.32
73,1,74,0.4577750861644745,0.001,8,32,2,612,2444,11,0.73,0.27,0.68,0.32
74,1,75,0.6120190620422363,0.001,8,32,2,612,2444,11,0.73,0.27,0.68,0.32
75,1,76,0.36060217022895813,0.001,8,32,2,612,2444,11,0.73,0.27,0.68,0.32
76,2,1,0.33587411046028137,0.001,8,32,2,612,2444,11,0.73,0.27,0.68,0.32
77,2,2,0.3494088351726532,0.001,8,32,2,612,2444,11,0.73,0.27,0.68,0.32
78,2,3,0.39234238862991333,0.001,8,32,2,612,2444,11,0.73,0.27,0.68,0.32
79,2,4,0.24547268450260162,0.001,8,32,2,612,2444,11,0.73,0.27,0.68,0.32
80,2,5,0.39755308628082275,0.001,8,32,2,612,2444,11,0.73,0.27,0.68,0.32
81,2,6,0.2784346044063568,0.001,8,32,2,612,2444,11,0.73,0.27,0.68,0.32
82,2,7,0.348036527633667,0.001,8,32,2,612,2444,11,0.73,0.27,0.68,0.32
83,2,8,0.3246981203556061,0.001,8,32,2,612,2444,11,0.73,0.27,0.68,0.32
84,2,9,0.4596300721168518,0.001,8,32,2,612,2444,11,0.73,0.27,0.68,0.32
85,2,10,0.29577165842056274,0.001,8,32,2,612,2444,11,0.73,0.27,0.68,0.32
86,2,11,0.33925724029541016,0.001,8,32,2,612,2444,11,0.73,0.27,0.68,0.32
87,2,12,0.24603083729743958,0.001,8,32,2,612,2444,11,0.73,0.27,0.68,0.32
88,2,13,0.2531813681125641,0.001,8,32,2,612,2444,11,0.73,0.27,0.68,0.32
89,2,14,0.2770002484321594,0.001,8,32,2,612,2444,11,0.73,0.27,0.68,0.32
90,2,15,0.1870059072971344,0.001,8,32,2,612,2444,11,0.73,0.27,0.68,0.32
91,2,16,0.24896131455898285,0.001,8,32,2,612,2444,11,0.73,0.27,0.68,0.32
92,2,17,0.21135015785694122,0.001,8,32,2,612,2444,11,0.73,0.27,0.68,0.32
93,2,18,0.24372996389865875,0.001,8,32,2,612,2444,11,0.73,0.27,0.68,0.32
94,2,19,0.14538727700710297,0.001,8,32,2,612,2444,11,0.73,0.27,0.68,0.32
95,2,20,0.29947778582572937,0.001,8,32,2,612,2444,11,0.73,0.27,0.68,0.32
96,2,21,0.1385766714811325,0.001,8,32,2,612,2444,11,0.73,0.27,0.68,0.32
97,2,22,0.20626886188983917,0.001,8,32,2,612,2444,11,0.73,0.27,0.68,0.32
98,2,23,0.17734132707118988,0.001,8,32,2,612,2444,11,0.73,0.27,0.68,0.32
99,2,24,0.17623573541641235,0.001,8,32,2,612,2444,11,0.73,0.27,0.68,0.32
100,2,25,0.19858700037002563,0.001,8,32,2,612,2444,11,0.73,0.27,0.68,0.32
101,2,26,0.17580240964889526,0.001,8,32,2,612,2444,11,0.73,0.27,0.68,0.32
102,2,27,0.14813777804374695,0.001,8,32,2,612,2444,11,0.73,0.27,0.68,0.32
103,2,28,0.1695181429386139,0.001,8,32,2,612,2444,11,0.73,0.27,0.68,0.32
104,2,29,0.15231820940971375,0.001,8,32,2,612,2444,11,0.73,0.27,0.68,0.32
105,2,30,0.15183094143867493,0.001,8,32,2,612,2444,11,0.73,0.27,0.68,0.32
106,2,31,0.10737872868776321,0.001,8,32,2,612,2444,11,0.73,0.27,0.68,0.32
107,2,32,0.19832342863082886,0.001,8,32,2,612,2444,11,0.73,0.27,0.68,0.32
108,2,33,0.19257225096225739,0.001,8,32,2,612,2444,11,0.73,0.27,0.68,0.32
109,2,34,0.22150635719299316,0.001,8,32,2,612,2444,11,0.73,0.27,0.68,0.32
110,2,35,0.15604083240032196,0.001,8,32,2,612,2444,11,0.73,0.27,0.68,0.32
111,2,36,0.18974168598651886,0.001,8,32,2,612,2444,11,0.73,0.27,0.68,0.32
112,2,37,0.10432631522417068,0.001,8,32,2,612,2444,11,0.73,0.27,0.68,0.32
113,2,38,0.3679198622703552,0.001,8,32,2,612,2444,11,0.73,0.27,0.68,0.32
114,2,39,0.22939792275428772,0.001,8,32,2,612,2444,11,0.73,0.27,0.68,0.32
115,2,40,0.10003000497817993,0.001,8,32,2,612,2444,11,0.73,0.27,0.68,0.32
116,2,41,0.09303843975067139,0.001,8,32,2,612,2444,11,0.73,0.27,0.68,0.32
117,2,42,0.3168134391307831,0.001,8,32,2,612,2444,11,0.73,0.27,0.68,0.32
118,2,43,0.09415163844823837,0.001,8,32,2,612,2444,11,0.73,0.27,0.68,0.32
119,2,44,0.0944177657365799,0.001,8,32,2,612,2444,11,0.73,0.27,0.68,0.32
120,2,45,0.1279812455177307,0.001,8,32,2,612,2444,11,0.73,0.27,0.68,0.32
121,2,46,0.06593077629804611,0.001,8,32,2,612,2444,11,0.73,0.27,0.68,0.32
122,2,47,0.0768338069319725,0.001,8,32,2,612,2444,11,0.73,0.27,0.68,0.32
123,2,48,0.0865190252661705,0.001,8,32,2,612,2444,11,0.73,0.27,0.68,0.32
124,2,49,0.11057037115097046,0.001,8,32,2,612,2444,11,0.73,0.27,0.68,0.32
125,2,50,0.06609705835580826,0.001,8,32,2,612,2444,11,0.73,0.27,0.68,0.32
126,2,51,0.08015473186969757,0.001,8,32,2,612,2444,11,0.73,0.27,0.68,0.32
127,2,52,0.0555427186191082,0.001,8,32,2,612,2444,11,0.73,0.27,0.68,0.32
128,2,53,0.1193191260099411,0.001,8,32,2,612,2444,11,0.73,0.27,0.68,0.32
129,2,54,0.12638916075229645,0.001,8,32,2,612,2444,11,0.73,0.27,0.68,0.32
130,2,55,0.09720455855131149,0.001,8,32,2,612,2444,11,0.73,0.27,0.68,0.32
131,2,56,0.17443792521953583,0.001,8,32,2,612,2444,11,0.73,0.27,0.68,0.32
132,2,57,0.01805432140827179,0.001,8,32,2,612,2444,11,0.73,0.27,0.68,0.32
133,2,58,0.036351051181554794,0.001,8,32,2,612,2444,11,0.73,0.27,0.68,0.32
134,2,59,0.04465046897530556,0.001,8,32,2,612,2444,11,0.73,0.27,0.68,0.32
135,2,60,0.04118756204843521,0.001,8,32,2,612,2444,11,0.73,0.27,0.68,0.32
136,2,61,0.060515791177749634,0.001,8,32,2,612,2444,11,0.73,0.27,0.68,0.32
137,2,62,0.08640369772911072,0.001,8,32,2,612,2444,11,0.73,0.27,0.68,0.32
138,2,63,0.06404060125350952,0.001,8,32,2,612,2444,11,0.73,0.27,0.68,0.32
139,2,64,0.04125170409679413,0.001,8,32,2,612,2444,11,0.73,0.27,0.68,0.32
140,2,65,0.046285342425107956,0.001,8,32,2,612,2444,11,0.73,0.27,0.68,0.32
141,2,66,0.06738785654306412,0.001,8,32,2,612,2444,11,0.73,0.27,0.68,0.32
142,2,67,0.017682800069451332,0.001,8,32,2,612,2444,11,0.73,0.27,0.68,0.32
143,2,68,0.061759091913700104,0.001,8,32,2,612,2444,11,0.73,0.27,0.68,0.32
144,2,69,0.16404566168785095,0.001,8,32,2,612,2444,11,0.73,0.27,0.68,0.32
145,2,70,0.10062792897224426,0.001,8,32,2,612,2444,11,0.73,0.27,0.68,0.32
146,2,71,0.13871514797210693,0.001,8,32,2,612,2444,11,0.73,0.27,0.68,0.32
147,2,72,0.08552011102437973,0.001,8,32,2,612,2444,11,0.73,0.27,0.68,0.32
148,2,73,0.12222558259963989,0.001,8,32,2,612,2444,11,0.73,0.27,0.68,0.32
149,2,74,0.05173148959875107,0.001,8,32,2,612,2444,11,0.73,0.27,0.68,0.32
150,2,75,0.15008145570755005,0.001,8,32,2,612,2444,11,0.73,0.27,0.68,0.32
151,2,76,0.0371098555624485,0.001,8,32,2,612,2444,11,0.73,0.27,0.68,0.32
152,3,1,0.0434877835214138,0.001,8,32,2,612,2444,11,0.73,0.27,0.68,0.32
153,3,2,0.025925109162926674,0.001,8,32,2,612,2444,11,0.73,0.27,0.68,0.32
154,3,3,0.018481958657503128,0.001,8,32,2,612,2444,11,0.73,0.27,0.68,0.32
155,3,4,0.012356428429484367,0.001,8,32,2,612,2444,11,0.73,0.27,0.68,0.32
156,3,5,0.047235772013664246,0.001,8,32,2,612,2444,11,0.73,0.27,0.68,0.32
157,3,6,0.009401613846421242,0.001,8,32,2,612,2444,11,0.73,0.27,0.68,0.32
158,3,7,0.024357816204428673,0.001,8,32,2,612,2444,11,0.73,0.27,0.68,0.32
159,3,8,0.01978425681591034,0.001,8,32,2,612,2444,11,0.73,0.27,0.68,0.32
160,3,9,0.04750439524650574,0.001,8,32,2,612,2444,11,0.73,0.27,0.68,0.32
161,3,10,0.03320088982582092,0.001,8,32,2,612,2444,11,0.73,0.27,0.68,0.32
162,3,11,0.02246745303273201,0.001,8,32,2,612,2444,11,0.73,0.27,0.68,0.32
163,3,12,0.018746815621852875,0.001,8,32,2,612,2444,11,0.73,0.27,0.68,0.32
164,3,13,0.013111731968820095,0.001,8,32,2,612,2444,11,0.73,0.27,0.68,0.32
165,3,14,0.01433246023952961,0.001,8,32,2,612,2444,11,0.73,0.27,0.68,0.32
166,3,15,0.011293464340269566,0.001,8,32,2,612,2444,11,0.73,0.27,0.68,0.32
167,3,16,0.023768190294504166,0.001,8,32,2,612,2444,11,0.73,0.27,0.68,0.32
168,3,17,0.00651474529877305,0.001,8,32,2,612,2444,11,0.73,0.27,0.68,0.32
169,3,18,0.01246319804340601,0.001,8,32,2,612,2444,11,0.73,0.27,0.68,0.32
170,3,19,0.0034269774332642555,0.001,8,32,2,612,2444,11,0.73,0.27,0.68,0.32
171,3,20,0.020052503794431686,0.001,8,32,2,612,2444,11,0.73,0.27,0.68,0.32
172,3,21,0.006588800810277462,0.001,8,32,2,612,2444,11,0.73,0.27,0.68,0.32
173,3,22,0.014568124897778034,0.001,8,32,2,612,2444,11,0.73,0.27,0.68,0.32
174,3,23,0.02801244892179966,0.001,8,32,2,612,2444,11,0.73,0.27,0.68,0.32
175,3,24,0.007471351884305477,0.001,8,32,2,612,2444,11,0.73,0.27,0.68,0.32
176,3,25,0.011674643494188786,0.001,8,32,2,612,2444,11,0.73,0.27,0.68,0.32
177,3,26,0.021966775879263878,0.001,8,32,2,612,2444,11,0.73,0.27,0.68,0.32
178,3,27,0.010706405155360699,0.001,8,32,2,612,2444,11,0.73,0.27,0.68,0.32
179,3,28,0.008819688111543655,0.001,8,32,2,612,2444,11,0.73,0.27,0.68,0.32
180,3,29,0.007394386921077967,0.001,8,32,2,612,2444,11,0.73,0.27,0.68,0.32
181,3,30,0.03360023722052574,0.001,8,32,2,612,2444,11,0.73,0.27,0.68,0.32
182,3,31,0.0038495156913995743,0.001,8,32,2,612,2444,11,0.73,0.27,0.68,0.32
183,3,32,0.01656610518693924,0.001,8,32,2,612,2444,11,0.73,0.27,0.68,0.32
184,3,33,0.036380667239427567,0.001,8,32,2,612,2444,11,0.73,0.27,0.68,0.32
185,3,34,0.024662921205163002,0.001,8,32,2,612,2444,11,0.73,0.27,0.68,0.32
186,3,35,0.007915385998785496,0.001,8,32,2,612,2444,11,0.73,0.27,0.68,0.32
187,3,36,0.011311913840472698,0.001,8,32,2,612,2444,11,0.73,0.27,0.68,0.32
188,3,37,0.005612017586827278,0.001,8,32,2,612,2444,11,0.73,0.27,0.68,0.32
189,3,38,0.005076807923614979,0.001,8,32,2,612,2444,11,0.73,0.27,0.68,0.32
190,3,39,0.017258483916521072,0.001,8,32,2,612,2444,11,0.73,0.27,0.68,0.32
191,3,40,0.024990303441882133,0.001,8,32,2,612,2444,11,0.73,0.27,0.68,0.32
192,3,41,0.01044777873903513,0.001,8,32,2,612,2444,11,0.73,0.27,0.68,0.32
193,3,42,0.008473752066493034,0.001,8,32,2,612,2444,11,0.73,0.27,0.68,0.32
194,3,43,0.013087598606944084,0.001,8,32,2,612,2444,11,0.73,0.27,0.68,0.32
195,3,44,0.022105958312749863,0.001,8,32,2,612,2444,11,0.73,0.27,0.68,0.32
196,3,45,0.004553391598165035,0.001,8,32,2,612,2444,11,0.73,0.27,0.68,0.32
197,3,46,0.001950849429704249,0.001,8,32,2,612,2444,11,0.73,0.27,0.68,0.32
198,3,47,0.006079874001443386,0.001,8,32,2,612,2444,11,0.73,0.27,0.68,0.32
199,3,48,0.011418616399168968,0.001,8,32,2,612,2444,11,0.73,0.27,0.68,0.32
200,3,49,0.0031818144489079714,0.001,8,32,2,612,2444,11,0.73,0.27,0.68,0.32
201,3,50,0.012263369746506214,0.001,8,32,2,612,2444,11,0.73,0.27,0.68,0.32
202,3,51,0.00607098825275898,0.001,8,32,2,612,2444,11,0.73,0.27,0.68,0.32
203,3,52,0.0035968529991805553,0.001,8,32,2,612,2444,11,0.73,0.27,0.68,0.32
204,3,53,0.008842439390718937,0.001,8,32,2,612,2444,11,0.73,0.27,0.68,0.32
205,3,54,0.004780203569680452,0.001,8,32,2,612,2444,11,0.73,0.27,0.68,0.32
206,3,55,0.004299003630876541,0.001,8,32,2,612,2444,11,0.73,0.27,0.68,0.32
207,3,56,0.0033097094856202602,0.001,8,32,2,612,2444,11,0.73,0.27,0.68,0.32
208,3,57,0.0011749224504455924,0.001,8,32,2,612,2444,11,0.73,0.27,0.68,0.32
209,3,58,0.0025274036452174187,0.001,8,32,2,612,2444,11,0.73,0.27,0.68,0.32
210,3,59,0.0016699297120794654,0.001,8,32,2,612,2444,11,0.73,0.27,0.68,0.32
211,3,60,0.002102331258356571,0.001,8,32,2,612,2444,11,0.73,0.27,0.68,0.32
212,3,61,0.011175218969583511,0.001,8,32,2,612,2444,11,0.73,0.27,0.68,0.32
213,3,62,0.005865232553333044,0.001,8,32,2,612,2444,11,0.73,0.27,0.68,0.32
214,3,63,0.002156465547159314,0.001,8,32,2,612,2444,11,0.73,0.27,0.68,0.32
215,3,64,0.0026808702386915684,0.001,8,32,2,612,2444,11,0.73,0.27,0.68,0.32
216,3,65,0.003990288823843002,0.001,8,32,2,612,2444,11,0.73,0.27,0.68,0.32
217,3,66,0.0034545427188277245,0.001,8,32,2,612,2444,11,0.73,0.27,0.68,0.32
218,3,67,0.002020082203671336,0.001,8,32,2,612,2444,11,0.73,0.27,0.68,0.32
219,3,68,0.0027009679470211267,0.001,8,32,2,612,2444,11,0.73,0.27,0.68,0.32
220,3,69,0.020114175975322723,0.001,8,32,2,612,2444,11,0.73,0.27,0.68,0.32
221,3,70,0.03036809340119362,0.001,8,32,2,612,2444,11,0.73,0.27,0.68,0.32
222,3,71,0.006562379654496908,0.001,8,32,2,612,2444,11,0.73,0.27,0.68,0.32
223,3,72,0.003946125507354736,0.001,8,32,2,612,2444,11,0.73,0.27,0.68,0.32
224,3,73,0.037413690239191055,0.001,8,32,2,612,2444,11,0.73,0.27,0.68,0.32
225,3,74,0.00967833586037159,0.001,8,32,2,612,2444,11,0.73,0.27,0.68,0.32
226,3,75,0.021236209198832512,0.001,8,32,2,612,2444,11,0.73,0.27,0.68,0.32
227,3,76,0.004920851439237595,0.001,8,32,2,612,2444,11,0.73,0.27,0.68,0.32
228,4,1,0.0029854639433324337,0.001,8,32,2,612,2444,11,0.73,0.27,0.68,0.32
229,4,2,0.0016651630867272615,0.001,8,32,2,612,2444,11,0.73,0.27,0.68,0.32
230,4,3,0.0017975157825276256,0.001,8,32,2,612,2444,11,0.73,0.27,0.68,0.32
231,4,4,0.0010770895751193166,0.001,8,32,2,612,2444,11,0.73,0.27,0.68,0.32
232,4,5,0.00196251948364079,0.001,8,32,2,612,2444,11,0.73,0.27,0.68,0.32
233,4,6,0.0009952245745807886,0.001,8,32,2,612,2444,11,0.73,0.27,0.68,0.32
234,4,7,0.003921485971659422,0.001,8,32,2,612,2444,11,0.73,0.27,0.68,0.32
235,4,8,0.0031867343932390213,0.001,8,32,2,612,2444,11,0.73,0.27,0.68,0.32
236,4,9,0.0061040762811899185,0.001,8,32,2,612,2444,11,0.73,0.27,0.68,0.32
237,4,10,0.003674501786008477,0.001,8,32,2,612,2444,11,0.73,0.27,0.68,0.32
238,4,11,0.0018807309679687023,0.001,8,32,2,612,2444,11,0.73,0.27,0.68,0.32
239,4,12,0.004700260236859322,0.001,8,32,2,612,2444,11,0.73,0.27,0.68,0.32
240,4,13,0.0026062647812068462,0.001,8,32,2,612,2444,11,0.73,0.27,0.68,0.32
241,4,14,0.0025735434610396624,0.001,8,32,2,612,2444,11,0.73,0.27,0.68,0.32
242,4,15,0.0020519320387393236,0.001,8,32,2,612,2444,11,0.73,0.27,0.68,0.32
243,4,16,0.004247280769050121,0.001,8,32,2,612,2444,11,0.73,0.27,0.68,0.32
244,4,17,0.0012409574119374156,0.001,8,32,2,612,2444,11,0.73,0.27,0.68,0.32
245,4,18,0.002434944733977318,0.001,8,32,2,612,2444,11,0.73,0.27,0.68,0.32
246,4,19,0.00038711336674168706,0.001,8,32,2,612,2444,11,0.73,0.27,0.68,0.32
247,4,20,0.008888949640095234,0.001,8,32,2,612,2444,11,0.73,0.27,0.68,0.32
248,4,21,0.0009537845617160201,0.001,8,32,2,612,2444,11,0.73,0.27,0.68,0.32
249,4,22,0.0017926926957443357,0.001,8,32,2,612,2444,11,0.73,0.27,0.68,0.32
250,4,23,0.0028861030004918575,0.001,8,32,2,612,2444,11,0.73,0.27,0.68,0.32
251,4,24,0.0014298195019364357,0.001,8,32,2,612,2444,11,0.73,0.27,0.68,0.32
252,4,25,0.003421024652197957,0.001,8,32,2,612,2444,11,0.73,0.27,0.68,0.32
253,4,26,0.003342082491144538,0.001,8,32,2,612,2444,11,0.73,0.27,0.68,0.32
254,4,27,0.0011219100560992956,0.001,8,32,2,612,2444,11,0.73,0.27,0.68,0.32
255,4,28,0.0014647524803876877,0.001,8,32,2,612,2444,11,0.73,0.27,0.68,0.32
256,4,29,0.0017595324898138642,0.001,8,32,2,612,2444,11,0.73,0.27,0.68,0.32
257,4,30,0.007741827517747879,0.001,8,32,2,612,2444,11,0.73,0.27,0.68,0.32
258,4,31,0.0010641254484653473,0.001,8,32,2,612,2444,11,0.73,0.27,0.68,0.32
259,4,32,0.003372039645910263,0.001,8,32,2,612,2444,11,0.73,0.27,0.68,0.32
260,4,33,0.0014984577428549528,0.001,8,32,2,612,2444,11,0.73,0.27,0.68,0.32
261,4,34,0.0027775224298238754,0.001,8,32,2,612,2444,11,0.73,0.27,0.68,0.32
262,4,35,0.0018801558762788773,0.001,8,32,2,612,2444,11,0.73,0.27,0.68,0.32
263,4,36,0.0019735286477953196,0.001,8,32,2,612,2444,11,0.73,0.27,0.68,0.32
264,4,37,0.001564860693179071,0.001,8,32,2,612,2444,11,0.73,0.27,0.68,0.32
265,4,38,0.001560949836857617,0.001,8,32,2,612,2444,11,0.73,0.27,0.68,0.32
266,4,39,0.0031852973625063896,0.001,8,32,2,612,2444,11,0.73,0.27,0.68,0.32
267,4,40,0.001639737980440259,0.001,8,32,2,612,2444,11,0.73,0.27,0.68,0.32
268,4,41,0.002282758243381977,0.001,8,32,2,612,2444,11,0.73,0.27,0.68,0.32
269,4,42,0.0025966826360672712,0.001,8,32,2,612,2444,11,0.73,0.27,0.68,0.32
270,4,43,0.0014037264045327902,0.001,8,32,2,612,2444,11,0.73,0.27,0.68,0.32
271,4,44,0.004023532848805189,0.001,8,32,2,612,2444,11,0.73,0.27,0.68,0.32
272,4,45,0.0014106989838182926,0.001,8,32,2,612,2444,11,0.73,0.27,0.68,0.32
273,4,46,0.0006270372541621327,0.001,8,32,2,612,2444,11,0.73,0.27,0.68,0.32
274,4,47,0.002997926203534007,0.001,8,32,2,612,2444,11,0.73,0.27,0.68,0.32
275,4,48,0.0034804102033376694,0.001,8,32,2,612,2444,11,0.73,0.27,0.68,0.32
276,4,49,0.0008836017223075032,0.001,8,32,2,612,2444,11,0.73,0.27,0.68,0.32
277,4,50,0.004149021580815315,0.001,8,32,2,612,2444,11,0.73,0.27,0.68,0.32
278,4,51,0.0014218720607459545,0.001,8,32,2,612,2444,11,0.73,0.27,0.68,0.32
279,4,52,0.0011288385139778256,0.001,8,32,2,612,2444,11,0.73,0.27,0.68,0.32
280,4,53,0.0026064133271574974,0.001,8,32,2,612,2444,11,0.73,0.27,0.68,0.32
281,4,54,0.001534525421448052,0.001,8,32,2,612,2444,11,0.73,0.27,0.68,0.32
282,4,55,0.0016505239764228463,0.001,8,32,2,612,2444,11,0.73,0.27,0.68,0.32
283,4,56,0.0010926960967481136,0.001,8,32,2,612,2444,11,0.73,0.27,0.68,0.32
284,4,57,0.0005978384870104492,0.001,8,32,2,612,2444,11,0.73,0.27,0.68,0.32
285,4,58,0.0007927584229037166,0.001,8,32,2,612,2444,11,0.73,0.27,0.68,0.32
286,4,59,0.00039610706153325737,0.001,8,32,2,612,2444,11,0.73,0.27,0.68,0.32
287,4,60,0.0008217962458729744,0.001,8,32,2,612,2444,11,0.73,0.27,0.68,0.32
288,4,61,0.0018558510346338153,0.001,8,32,2,612,2444,11,0.73,0.27,0.68,0.32
289,4,62,0.001743181375786662,0.001,8,32,2,612,2444,11,0.73,0.27,0.68,0.32
290,4,63,0.00045503381988964975,0.001,8,32,2,612,2444,11,0.73,0.27,0.68,0.32
291,4,64,0.0008209135266952217,0.001,8,32,2,612,2444,11,0.73,0.27,0.68,0.32
292,4,65,0.0007468989351764321,0.001,8,32,2,612,2444,11,0.73,0.27,0.68,0.32
293,4,66,0.0010961717925965786,0.001,8,32,2,612,2444,11,0.73,0.27,0.68,0.32
294,4,67,0.0008472485351376235,0.001,8,32,2,612,2444,11,0.73,0.27,0.68,0.32
295,4,68,0.001210952177643776,0.001,8,32,2,612,2444,11,0.73,0.27,0.68,0.32
296,4,69,0.0021065357141196728,0.001,8,32,2,612,2444,11,0.73,0.27,0.68,0.32
297,4,70,0.006738230586051941,0.001,8,32,2,612,2444,11,0.73,0.27,0.68,0.32
298,4,71,0.0021288690622895956,0.001,8,32,2,612,2444,11,0.73,0.27,0.68,0.32
299,4,72,0.0012653296580538154,0.001,8,32,2,612,2444,11,0.73,0.27,0.68,0.32
300,4,73,0.009324153885245323,0.001,8,32,2,612,2444,11,0.73,0.27,0.68,0.32
301,4,74,0.0027049542404711246,0.001,8,32,2,612,2444,11,0.73,0.27,0.68,0.32
302,4,75,0.0035587975289672613,0.001,8,32,2,612,2444,11,0.73,0.27,0.68,0.32
303,4,76,0.0016138252103701234,0.001,8,32,2,612,2444,11,0.73,0.27,0.68,0.32
304,5,1,0.0010102440137416124,0.001,8,32,2,612,2444,11,0.73,0.27,0.68,0.32
305,5,2,0.0004873255966231227,0.001,8,32,2,612,2444,11,0.73,0.27,0.68,0.32
306,5,3,0.0007040959899313748,0.001,8,32,2,612,2444,11,0.73,0.27,0.68,0.32
307,5,4,0.00032447525882162154,0.001,8,32,2,612,2444,11,0.73,0.27,0.68,0.32
308,5,5,0.0006499828887172043,0.001,8,32,2,612,2444,11,0.73,0.27,0.68,0.32
309,5,6,0.00028369060601107776,0.001,8,32,2,612,2444,11,0.73,0.27,0.68,0.32
310,5,7,0.0010983183747157454,0.001,8,32,2,612,2444,11,0.73,0.27,0.68,0.32
311,5,8,0.0006041768938302994,0.001,8,32,2,612,2444,11,0.73,0.27,0.68,0.32
312,5,9,0.0021373466588556767,0.001,8,32,2,612,2444,11,0.73,0.27,0.68,0.32
313,5,10,0.0010022930800914764,0.001,8,32,2,612,2444,11,0.73,0.27,0.68,0.32
314,5,11,0.0005413331091403961,0.001,8,32,2,612,2444,11,0.73,0.27,0.68,0.32
315,5,12,0.001651625381782651,0.001,8,32,2,612,2444,11,0.73,0.27,0.68,0.32
316,5,13,0.0007655389490537345,0.001,8,32,2,612,2444,11,0.73,0.27,0.68,0.32
317,5,14,0.0006047256174497306,0.001,8,32,2,612,2444,11,0.73,0.27,0.68,0.32
318,5,15,0.0005343540688045323,0.001,8,32,2,612,2444,11,0.73,0.27,0.68,0.32
319,5,16,0.0011395724723115563,0.001,8,32,2,612,2444,11,0.73,0.27,0.68,0.32
320,5,17,0.0004764133773278445,0.001,8,32,2,612,2444,11,0.73,0.27,0.68,0.32
321,5,18,0.0007487990660592914,0.001,8,32,2,612,2444,11,0.73,0.27,0.68,0.32
322,5,19,0.00010348313662689179,0.001,8,32,2,612,2444,11,0.73,0.27,0.68,0.32
323,5,20,0.002213485538959503,0.001,8,32,2,612,2444,11,0.73,0.27,0.68,0.32
324,5,21,0.000345035718055442,0.001,8,32,2,612,2444,11,0.73,0.27,0.68,0.32
325,5,22,0.0005834246403537691,0.001,8,32,2,612,2444,11,0.73,0.27,0.68,0.32
326,5,23,0.0012253429740667343,0.001,8,32,2,612,2444,11,0.73,0.27,0.68,0.32
327,5,24,0.0005277192685753107,0.001,8,32,2,612,2444,11,0.73,0.27,0.68,0.32
328,5,25,0.0010446017840877175,0.001,8,32,2,612,2444,11,0.73,0.27,0.68,0.32
329,5,26,0.0011967351892963052,0.001,8,32,2,612,2444,11,0.73,0.27,0.68,0.32
330,5,27,0.00035117470542900264,0.001,8,32,2,612,2444,11,0.73,0.27,0.68,0.32
331,5,28,0.00047327030915766954,0.001,8,32,2,612,2444,11,0.73,0.27,0.68,0.32
332,5,29,0.00066014239564538,0.001,8,32,2,612,2444,11,0.73,0.27,0.68,0.32
333,5,30,0.002405914245173335,0.001,8,32,2,612,2444,11,0.73,0.27,0.68,0.32
334,5,31,0.0004074396565556526,0.001,8,32,2,612,2444,11,0.73,0.27,0.68,0.32
335,5,32,0.0010758450953289866,0.001,8,32,2,612,2444,11,0.73,0.27,0.68,0.32
336,5,33,0.0005551538779400289,0.001,8,32,2,612,2444,11,0.73,0.27,0.68,0.32
337,5,34,0.0010510017164051533,0.001,8,32,2,612,2444,11,0.73,0.27,0.68,0.32
338,5,35,0.0006024620961397886,0.001,8,32,2,612,2444,11,0.73,0.27,0.68,0.32
339,5,36,0.0009653220186010003,0.001,8,32,2,612,2444,11,0.73,0.27,0.68,0.32
340,5,37,0.0005692100967280567,0.001,8,32,2,612,2444,11,0.73,0.27,0.68,0.32
341,5,38,0.0005832769675180316,0.001,8,32,2,612,2444,11,0.73,0.27,0.68,0.32
342,5,39,0.001108874217607081,0.001,8,32,2,612,2444,11,0.73,0.27,0.68,0.32
343,5,40,0.0007372925756499171,0.001,8,32,2,612,2444,11,0.73,0.27,0.68,0.32
344,5,41,0.0011632787063717842,0.001,8,32,2,612,2444,11,0.73,0.27,0.68,0.32
345,5,42,0.0010081487707793713,0.001,8,32,2,612,2444,11,0.73,0.27,0.68,0.32
346,5,43,0.0007055276073515415,0.001,8,32,2,612,2444,11,0.73,0.27,0.68,0.32
347,5,44,0.0014215768314898014,0.001,8,32,2,612,2444,11,0.73,0.27,0.68,0.32
348,5,45,0.0006319794338196516,0.001,8,32,2,612,2444,11,0.73,0.27,0.68,0.32
349,5,46,0.0002731586864683777,0.001,8,32,2,612,2444,11,0.73,0.27,0.68,0.32
350,5,47,0.0011556867975741625,0.001,8,32,2,612,2444,11,0.73,0.27,0.68,0.32
351,5,48,0.0014808784471824765,0.001,8,32,2,612,2444,11,0.73,0.27,0.68,0.32
352,5,49,0.0003331764310132712,0.001,8,32,2,612,2444,11,0.73,0.27,0.68,0.32
353,5,50,0.0019569233991205692,0.001,8,32,2,612,2444,11,0.73,0.27,0.68,0.32
354,5,51,0.0006390470080077648,0.001,8,32,2,612,2444,11,0.73,0.27,0.68,0.32
355,5,52,0.0004505505785346031,0.001,8,32,2,612,2444,11,0.73,0.27,0.68,0.32
356,5,53,0.001071970909833908,0.001,8,32,2,612,2444,11,0.73,0.27,0.68,0.32
357,5,54,0.0006677428027614951,0.001,8,32,2,612,2444,11,0.73,0.27,0.68,0.32
358,5,55,0.0008257715962827206,0.001,8,32,2,612,2444,11,0.73,0.27,0.68,0.32
359,5,56,0.0005008730804547668,0.001,8,32,2,612,2444,11,0.73,0.27,0.68,0.32
360,5,57,0.00025385525077581406,0.001,8,32,2,612,2444,11,0.73,0.27,0.68,0.32
361,5,58,0.00034496220177970827,0.001,8,32,2,612,2444,11,0.73,0.27,0.68,0.32
362,5,59,0.0001719876891002059,0.001,8,32,2,612,2444,11,0.73,0.27,0.68,0.32
363,5,60,0.00039878071402199566,0.001,8,32,2,612,2444,11,0.73,0.27,0.68,0.32
364,5,61,0.0007653174106962979,0.001,8,32,2,612,2444,11,0.73,0.27,0.68,0.32
365,5,62,0.0007872682181186974,0.001,8,32,2,612,2444,11,0.73,0.27,0.68,0.32
366,5,63,0.0001726137415971607,0.001,8,32,2,612,2444,11,0.73,0.27,0.68,0.32
367,5,64,0.0003596741589717567,0.001,8,32,2,612,2444,11,0.73,0.27,0.68,0.32
368,5,65,0.0002998287382069975,0.001,8,32,2,612,2444,11,0.73,0.27,0.68,0.32
369,5,66,0.00047895879833959043,0.001,8,32,2,612,2444,11,0.73,0.27,0.68,0.32
370,5,67,0.0004353644326329231,0.001,8,32,2,612,2444,11,0.73,0.27,0.68,0.32
371,5,68,0.0005635609850287437,0.001,8,32,2,612,2444,11,0.73,0.27,0.68,0.32
372,5,69,0.00103775504976511,0.001,8,32,2,612,2444,11,0.73,0.27,0.68,0.32
373,5,70,0.002590806921944022,0.001,8,32,2,612,2444,11,0.73,0.27,0.68,0.32
374,5,71,0.0008525492739863694,0.001,8,32,2,612,2444,11,0.73,0.27,0.68,0.32
375,5,72,0.0005638205329887569,0.001,8,32,2,612,2444,11,0.73,0.27,0.68,0.32
376,5,73,0.0027836477383971214,0.001,8,32,2,612,2444,11,0.73,0.27,0.68,0.32
377,5,74,0.0015112098772078753,0.001,8,32,2,612,2444,11,0.73,0.27,0.68,0.32
378,5,75,0.0017323476495221257,0.001,8,32,2,612,2444,11,0.73,0.27,0.68,0.32
379,5,76,0.000786395336035639,0.001,8,32,2,612,2444,11,0.73,0.27,0.68,0.32
380,6,1,0.0004793871194124222,0.001,8,32,2,612,2444,11,0.73,0.27,0.68,0.32
381,6,2,0.0002217185974586755,0.001,8,32,2,612,2444,11,0.73,0.27,0.68,0.32
382,6,3,0.00027842080453410745,0.001,8,32,2,612,2444,11,0.73,0.27,0.68,0.32
383,6,4,0.000139274459797889,0.001,8,32,2,612,2444,11,0.73,0.27,0.68,0.32
384,6,5,0.0003049098886549473,0.001,8,32,2,612,2444,11,0.73,0.27,0.68,0.32
385,6,6,0.00011550242925295606,0.001,8,32,2,612,2444,11,0.73,0.27,0.68,0.32
386,6,7,0.0005459319800138474,0.001,8,32,2,612,2444,11,0.73,0.27,0.68,0.32
387,6,8,0.00027736445190384984,0.001,8,32,2,612,2444,11,0.73,0.27,0.68,0.32
388,6,9,0.001037128851749003,0.001,8,32,2,612,2444,11,0.73,0.27,0.68,0.32
389,6,10,0.0004938620841130614,0.001,8,32,2,612,2444,11,0.73,0.27,0.68,0.32
390,6,11,0.00022266084852162749,0.001,8,32,2,612,2444,11,0.73,0.27,0.68,0.32
391,6,12,0.000842813984490931,0.001,8,32,2,612,2444,11,0.73,0.27,0.68,0.32
392,6,13,0.0003426197508815676,0.001,8,32,2,612,2444,11,0.73,0.27,0.68,0.32
393,6,14,0.000279689091257751,0.001,8,32,2,612,2444,11,0.73,0.27,0.68,0.32
394,6,15,0.0002464019926264882,0.001,8,32,2,612,2444,11,0.73,0.27,0.68,0.32
395,6,16,0.0005095807719044387,0.001,8,32,2,612,2444,11,0.73,0.27,0.68,0.32
396,6,17,0.00022307636390905827,0.001,8,32,2,612,2444,11,0.73,0.27,0.68,0.32
397,6,18,0.0003427087503951043,0.001,8,32,2,612,2444,11,0.73,0.27,0.68,0.32
398,6,19,4.2307125113438815e-05,0.001,8,32,2,612,2444,11,0.73,0.27,0.68,0.32
399,6,20,0.0009088373044505715,0.001,8,32,2,612,2444,11,0.73,0.27,0.68,0.32
400,6,21,0.0001586293219588697,0.001,8,32,2,612,2444,11,0.73,0.27,0.68,0.32
401,6,22,0.0002584811591077596,0.001,8,32,2,612,2444,11,0.73,0.27,0.68,0.32
402,6,23,0.0006501047173514962,0.001,8,32,2,612,2444,11,0.73,0.27,0.68,0.32
403,6,24,0.0002562817244324833,0.001,8,32,2,612,2444,11,0.73,0.27,0.68,0.32
404,6,25,0.000428973842645064,0.001,8,32,2,612,2444,11,0.73,0.27,0.68,0.32
405,6,26,0.0006172870052978396,0.001,8,32,2,612,2444,11,0.73,0.27,0.68,0.32
406,6,27,0.00015068573702592403,0.001,8,32,2,612,2444,11,0.73,0.27,0.68,0.32
407,6,28,0.00020229126675985754,0.001,8,32,2,612,2444,11,0.73,0.27,0.68,0.32
408,6,29,0.00035729253431782126,0.001,8,32,2,612,2444,11,0.73,0.27,0.68,0.32
409,6,30,0.0013605817221105099,0.001,8,32,2,612,2444,11,0.73,0.27,0.68,0.32
410,6,31,0.0001743171305861324,0.001,8,32,2,612,2444,11,0.73,0.27,0.68,0.32
411,6,32,0.0005849197623319924,0.001,8,32,2,612,2444,11,0.73,0.27,0.68,0.32
412,6,33,0.0002478576498106122,0.001,8,32,2,612,2444,11,0.73,0.27,0.68,0.32
413,6,34,0.000565876776818186,0.001,8,32,2,612,2444,11,0.73,0.27,0.68,0.32
414,6,35,0.00027719521312974393,0.001,8,32,2,612,2444,11,0.73,0.27,0.68,0.32
415,6,36,0.0005068997270427644,0.001,8,32,2,612,2444,11,0.73,0.27,0.68,0.32
416,6,37,0.0002499183174222708,0.001,8,32,2,612,2444,11,0.73,0.27,0.68,0.32
417,6,38,0.0002761786454357207,0.001,8,32,2,612,2444,11,0.73,0.27,0.68,0.32
418,6,39,0.0005734343430958688,0.001,8,32,2,612,2444,11,0.73,0.27,0.68,0.32
419,6,40,0.0003530259127728641,0.001,8,32,2,612,2444,11,0.73,0.27,0.68,0.32
420,6,41,0.0006371316849254072,0.001,8,32,2,612,2444,11,0.73,0.27,0.68,0.32
421,6,42,0.0005501487175934017,0.001,8,32,2,612,2444,11,0.73,0.27,0.68,0.32
422,6,43,0.00035879595088772476,0.001,8,32,2,612,2444,11,0.73,0.27,0.68,0.32
423,6,44,0.0007274026283994317,0.001,8,32,2,612,2444,11,0.73,0.27,0.68,0.32
424,6,45,0.0003228323766961694,0.001,8,32,2,612,2444,11,0.73,0.27,0.68,0.32
425,6,46,0.0001280695723835379,0.001,8,32,2,612,2444,11,0.73,0.27,0.68,0.32
426,6,47,0.0005986083415336907,0.001,8,32,2,612,2444,11,0.73,0.27,0.68,0.32
427,6,48,0.0007423008792102337,0.001,8,32,2,612,2444,11,0.73,0.27,0.68,0.32
428,6,49,0.0001324753393419087,0.001,8,32,2,612,2444,11,0.73,0.27,0.68,0.32
429,6,50,0.0009164817165583372,0.001,8,32,2,612,2444,11,0.73,0.27,0.68,0.32
430,6,51,0.0003725547285284847,0.001,8,32,2,612,2444,11,0.73,0.27,0.68,0.32
431,6,52,0.00021901681611780077,0.001,8,32,2,612,2444,11,0.73,0.27,0.68,0.32
432,6,53,0.0005315671442076564,0.001,8,32,2,612,2444,11,0.73,0.27,0.68,0.32
433,6,54,0.0003209270944353193,0.001,8,32,2,612,2444,11,0.73,0.27,0.68,0.32
434,6,55,0.0004108882276341319,0.001,8,32,2,612,2444,11,0.73,0.27,0.68,0.32
435,6,56,0.000256387225817889,0.001,8,32,2,612,2444,11,0.73,0.27,0.68,0.32
436,6,57,0.000127389605040662,0.001,8,32,2,612,2444,11,0.73,0.27,0.68,0.32
437,6,58,0.00015144323697313666,0.001,8,32,2,612,2444,11,0.73,0.27,0.68,0.32
438,6,59,8.535661618225276e-05,0.001,8,32,2,612,2444,11,0.73,0.27,0.68,0.32
439,6,60,0.0002054775395663455,0.001,8,32,2,612,2444,11,0.73,0.27,0.68,0.32
440,6,61,0.00037201077793724835,0.001,8,32,2,612,2444,11,0.73,0.27,0.68,0.32
441,6,62,0.00040372536750510335,0.001,8,32,2,612,2444,11,0.73,0.27,0.68,0.32
442,6,63,6.588721589650959e-05,0.001,8,32,2,612,2444,11,0.73,0.27,0.68,0.32
443,6,64,0.00018063889001496136,0.001,8,32,2,612,2444,11,0.73,0.27,0.68,0.32
444,6,65,0.000140886171720922,0.001,8,32,2,612,2444,11,0.73,0.27,0.68,0.32
445,6,66,0.00023408736160490662,0.001,8,32,2,612,2444,11,0.73,0.27,0.68,0.32
446,6,67,0.0002366889239056036,0.001,8,32,2,612,2444,11,0.73,0.27,0.68,0.32
447,6,68,0.0003098253800999373,0.001,8,32,2,612,2444,11,0.73,0.27,0.68,0.32
448,6,69,0.0005768914124928415,0.001,8,32,2,612,2444,11,0.73,0.27,0.68,0.32
449,6,70,0.0013426763471215963,0.001,8,32,2,612,2444,11,0.73,0.27,0.68,0.32
450,6,71,0.0004175642679911107,0.001,8,32,2,612,2444,11,0.73,0.27,0.68,0.32
451,6,72,0.0002817586937453598,0.001,8,32,2,612,2444,11,0.73,0.27,0.68,0.32
452,6,73,0.0013767461059615016,0.001,8,32,2,612,2444,11,0.73,0.27,0.68,0.32
453,6,74,0.0009541448089294136,0.001,8,32,2,612,2444,11,0.73,0.27,0.68,0.32
454,6,75,0.0009735621861182153,0.001,8,32,2,612,2444,11,0.73,0.27,0.68,0.32
455,6,76,0.00043249549344182014,0.001,8,32,2,612,2444,11,0.73,0.27,0.68,0.32
456,7,1,0.0002653855481185019,0.001,8,32,2,612,2444,11,0.73,0.27,0.68,0.32
457,7,2,0.00010086750262416899,0.001,8,32,2,612,2444,11,0.73,0.27,0.68,0.32
458,7,3,0.00012153927673352882,0.001,8,32,2,612,2444,11,0.73,0.27,0.68,0.32
459,7,4,6.184400990605354e-05,0.001,8,32,2,612,2444,11,0.73,0.27,0.68,0.32
460,7,5,0.0001531111338408664,0.001,8,32,2,612,2444,11,0.73,0.27,0.68,0.32
461,7,6,5.186173439142294e-05,0.001,8,32,2,612,2444,11,0.73,0.27,0.68,0.32
462,7,7,0.0002899997925851494,0.001,8,32,2,612,2444,11,0.73,0.27,0.68,0.32
463,7,8,0.0001482705702073872,0.001,8,32,2,612,2444,11,0.73,0.27,0.68,0.32
464,7,9,0.0005233876290731132,0.001,8,32,2,612,2444,11,0.73,0.27,0.68,0.32
465,7,10,0.000264594767941162,0.001,8,32,2,612,2444,11,0.73,0.27,0.68,0.32
466,7,11,9.87032035482116e-05,0.001,8,32,2,612,2444,11,0.73,0.27,0.68,0.32
467,7,12,0.00043655134504660964,0.001,8,32,2,612,2444,11,0.73,0.27,0.68,0.32
468,7,13,0.0001798226439859718,0.001,8,32,2,612,2444,11,0.73,0.27,0.68,0.32
469,7,14,0.00015331922622863203,0.001,8,32,2,612,2444,11,0.73,0.27,0.68,0.32
470,7,15,0.0001301421580137685,0.001,8,32,2,612,2444,11,0.73,0.27,0.68,0.32
471,7,16,0.0002661739708855748,0.001,8,32,2,612,2444,11,0.73,0.27,0.68,0.32
472,7,17,0.00011191830708412454,0.001,8,32,2,612,2444,11,0.73,0.27,0.68,0.32
473,7,18,0.00018741918029263616,0.001,8,32,2,612,2444,11,0.73,0.27,0.68,0.32
474,7,19,2.0018520444864407e-05,0.001,8,32,2,612,2444,11,0.73,0.27,0.68,0.32
475,7,20,0.0004663291620090604,0.001,8,32,2,612,2444,11,0.73,0.27,0.68,0.32
476,7,21,8.074833021964878e-05,0.001,8,32,2,612,2444,11,0.73,0.27,0.68,0.32
477,7,22,0.00012499367585405707,0.001,8,32,2,612,2444,11,0.73,0.27,0.68,0.32
478,7,23,0.0003806774620898068,0.001,8,32,2,612,2444,11,0.73,0.27,0.68,0.32
479,7,24,0.0001323612523265183,0.001,8,32,2,612,2444,11,0.73,0.27,0.68,0.32
480,7,25,0.00020684597257059067,0.001,8,32,2,612,2444,11,0.73,0.27,0.68,0.32
481,7,26,0.0003145321679767221,0.001,8,32,2,612,2444,11,0.73,0.27,0.68,0.32
482,7,27,7.542723324149847e-05,0.001,8,32,2,612,2444,11,0.73,0.27,0.68,0.32
483,7,28,0.00010034214210463688,0.001,8,32,2,612,2444,11,0.73,0.27,0.68,0.32
484,7,29,0.0001877886534202844,0.001,8,32,2,612,2444,11,0.73,0.27,0.68,0.32
485,7,30,0.000785976939368993,0.001,8,32,2,612,2444,11,0.73,0.27,0.68,0.32
486,7,31,8.062663982855156e-05,0.001,8,32,2,612,2444,11,0.73,0.27,0.68,0.32
487,7,32,0.0003356225206516683,0.001,8,32,2,612,2444,11,0.73,0.27,0.68,0.32
488,7,33,0.00012831721687689424,0.001,8,32,2,612,2444,11,0.73,0.27,0.68,0.32
489,7,34,0.00031799179851077497,0.001,8,32,2,612,2444,11,0.73,0.27,0.68,0.32
490,7,35,0.00014567140897270292,0.001,8,32,2,612,2444,11,0.73,0.27,0.68,0.32
491,7,36,0.00026497399085201323,0.001,8,32,2,612,2444,11,0.73,0.27,0.68,0.32
492,7,37,0.00012629656703211367,0.001,8,32,2,612,2444,11,0.73,0.27,0.68,0.32
493,7,38,0.0001533066388219595,0.001,8,32,2,612,2444,11,0.73,0.27,0.68,0.32
494,7,39,0.0003269542066846043,0.001,8,32,2,612,2444,11,0.73,0.27,0.68,0.32
495,7,40,0.0001828949898481369,0.001,8,32,2,612,2444,11,0.73,0.27,0.68,0.32
496,7,41,0.00034226011484861374,0.001,8,32,2,612,2444,11,0.73,0.27,0.68,0.32
497,7,42,0.0003230371221434325,0.001,8,32,2,612,2444,11,0.73,0.27,0.68,0.32
498,7,43,0.00019672242342494428,0.001,8,32,2,612,2444,11,0.73,0.27,0.68,0.32
499,7,44,0.00043278245721012354,0.001,8,32,2,612,2444,11,0.73,0.27,0.68,0.32
500,7,45,0.00016390197561122477,0.001,8,32,2,612,2444,11,0.73,0.27,0.68,0.32
501,7,46,6.0140406276332214e-05,0.001,8,32,2,612,2444,11,0.73,0.27,0.68,0.32
502,7,47,0.0003363281721249223,0.001,8,32,2,612,2444,11,0.73,0.27,0.68,0.32
503,7,48,0.000405032595153898,0.001,8,32,2,612,2444,11,0.73,0.27,0.68,0.32
504,7,49,6.017985288053751e-05,0.001,8,32,2,612,2444,11,0.73,0.27,0.68,0.32
505,7,50,0.0004671637143474072,0.001,8,32,2,612,2444,11,0.73,0.27,0.68,0.32
506,7,51,0.00018210157577414066,0.001,8,32,2,612,2444,11,0.73,0.27,0.68,0.32
507,7,52,0.00011358290066709742,0.001,8,32,2,612,2444,11,0.73,0.27,0.68,0.32
508,7,53,0.00026423551025800407,0.001,8,32,2,612,2444,11,0.73,0.27,0.68,0.32
509,7,54,0.00016630973550491035,0.001,8,32,2,612,2444,11,0.73,0.27,0.68,0.32
510,7,55,0.00020505895372480154,0.001,8,32,2,612,2444,11,0.73,0.27,0.68,0.32
511,7,56,0.0001401538756908849,0.001,8,32,2,612,2444,11,0.73,0.27,0.68,0.32
512,7,57,5.8052039094036445e-05,0.001,8,32,2,612,2444,11,0.73,0.27,0.68,0.32
513,7,58,6.762904376955703e-05,0.001,8,32,2,612,2444,11,0.73,0.27,0.68,0.32
514,7,59,4.4577973312698305e-05,0.001,8,32,2,612,2444,11,0.73,0.27,0.68,0.32
515,7,60,0.00010424351785331964,0.001,8,32,2,612,2444,11,0.73,0.27,0.68,0.32
516,7,61,0.00020025993580929935,0.001,8,32,2,612,2444,11,0.73,0.27,0.68,0.32
517,7,62,0.0002196285204263404,0.001,8,32,2,612,2444,11,0.73,0.27,0.68,0.32
518,7,63,3.0829007300781086e-05,0.001,8,32,2,612,2444,11,0.73,0.27,0.68,0.32
519,7,64,9.75048023974523e-05,0.001,8,32,2,612,2444,11,0.73,0.27,0.68,0.32
520,7,65,7.451735291397199e-05,0.001,8,32,2,612,2444,11,0.73,0.27,0.68,0.32
521,7,66,0.00012198655167594552,0.001,8,32,2,612,2444,11,0.73,0.27,0.68,0.32
522,7,67,0.00013656234659720212,0.001,8,32,2,612,2444,11,0.73,0.27,0.68,0.32
523,7,68,0.00018301185627933592,0.001,8,32,2,612,2444,11,0.73,0.27,0.68,0.32
524,7,69,0.00035412286524660885,0.001,8,32,2,612,2444,11,0.73,0.27,0.68,0.32
525,7,70,0.0008286169613711536,0.001,8,32,2,612,2444,11,0.73,0.27,0.68,0.32
526,7,71,0.00022947529214434326,0.001,8,32,2,612,2444,11,0.73,0.27,0.68,0.32
527,7,72,0.00014689636009279639,0.001,8,32,2,612,2444,11,0.73,0.27,0.68,0.32
528,7,73,0.0008263227646239102,0.001,8,32,2,612,2444,11,0.73,0.27,0.68,0.32
529,7,74,0.0006258070352487266,0.001,8,32,2,612,2444,11,0.73,0.27,0.68,0.32
530,7,75,0.0005780387436971068,0.001,8,32,2,612,2444,11,0.73,0.27,0.68,0.32
531,7,76,0.000242089488892816,0.001,8,32,2,612,2444,11,0.73,0.27,0.68,0.32
532,8,1,0.00015686698316130787,0.001,8,32,2,612,2444,11,0.73,0.27,0.68,0.32
533,8,2,4.71621060569305e-05,0.001,8,32,2,612,2444,11,0.73,0.27,0.68,0.32
534,8,3,5.9160374803468585e-05,0.001,8,32,2,612,2444,11,0.73,0.27,0.68,0.32
535,8,4,2.86980539385695e-05,0.001,8,32,2,612,2444,11,0.73,0.27,0.68,0.32
536,8,5,7.975214248290285e-05,0.001,8,32,2,612,2444,11,0.73,0.27,0.68,0.32
537,8,6,2.487620076863095e-05,0.001,8,32,2,612,2444,11,0.73,0.27,0.68,0.32
538,8,7,0.00016578013310208917,0.001,8,32,2,612,2444,11,0.73,0.27,0.68,0.32
539,8,8,9.294519986724481e-05,0.001,8,32,2,612,2444,11,0.73,0.27,0.68,0.32
540,8,9,0.00030525666079483926,0.001,8,32,2,612,2444,11,0.73,0.27,0.68,0.32
541,8,10,0.00015621820057276636,0.001,8,32,2,612,2444,11,0.73,0.27,0.68,0.32
542,8,11,4.786115459864959e-05,0.001,8,32,2,612,2444,11,0.73,0.27,0.68,0.32
543,8,12,0.00025139874196611345,0.001,8,32,2,612,2444,11,0.73,0.27,0.68,0.32
544,8,13,0.00010697868856368586,0.001,8,32,2,612,2444,11,0.73,0.27,0.68,0.32
545,8,14,8.512301428709179e-05,0.001,8,32,2,612,2444,11,0.73,0.27,0.68,0.32
546,8,15,7.36695874365978e-05,0.001,8,32,2,612,2444,11,0.73,0.27,0.68,0.32
547,8,16,0.00014647023635916412,0.001,8,32,2,612,2444,11,0.73,0.27,0.68,0.32
548,8,17,6.143958307802677e-05,0.001,8,32,2,612,2444,11,0.73,0.27,0.68,0.32
549,8,18,0.00010585497511783615,0.001,8,32,2,612,2444,11,0.73,0.27,0.68,0.32
550,8,19,1.0259121154376771e-05,0.001,8,32,2,612,2444,11,0.73,0.27,0.68,0.32
551,8,20,0.00027228312683291733,0.001,8,32,2,612,2444,11,0.73,0.27,0.68,0.32
552,8,21,4.281931614968926e-05,0.001,8,32,2,612,2444,11,0.73,0.27,0.68,0.32
553,8,22,6.601436325581744e-05,0.001,8,32,2,612,2444,11,0.73,0.27,0.68,0.32
554,8,23,0.00022166741837281734,0.001,8,32,2,612,2444,11,0.73,0.27,0.68,0.32
555,8,24,7.168678712332621e-05,0.001,8,32,2,612,2444,11,0.73,0.27,0.68,0.32
556,8,25,0.00011768659896915779,0.001,8,32,2,612,2444,11,0.73,0.27,0.68,0.32
557,8,26,0.0001699236163403839,0.001,8,32,2,612,2444,11,0.73,0.27,0.68,0.32
558,8,27,3.908052167389542e-05,0.001,8,32,2,612,2444,11,0.73,0.27,0.68,0.32
559,8,28,5.535009040613659e-05,0.001,8,32,2,612,2444,11,0.73,0.27,0.68,0.32
560,8,29,0.00010151460446650162,0.001,8,32,2,612,2444,11,0.73,0.27,0.68,0.32
561,8,30,0.00046341004781425,0.001,8,32,2,612,2444,11,0.73,0.27,0.68,0.32
562,8,31,4.018470644950867e-05,0.001,8,32,2,612,2444,11,0.73,0.27,0.68,0.32
563,8,32,0.00018327681755181402,0.001,8,32,2,612,2444,11,0.73,0.27,0.68,0.32
564,8,33,7.178796658990905e-05,0.001,8,32,2,612,2444,11,0.73,0.27,0.68,0.32
565,8,34,0.00019386567873880267,0.001,8,32,2,612,2444,11,0.73,0.27,0.68,0.32
566,8,35,8.8219836470671e-05,0.001,8,32,2,612,2444,11,0.73,0.27,0.68,0.32
567,8,36,0.00015066878404468298,0.001,8,32,2,612,2444,11,0.73,0.27,0.68,0.32
568,8,37,6.891263910802081e-05,0.001,8,32,2,612,2444,11,0.73,0.27,0.68,0.32
569,8,38,8.906947914510965e-05,0.001,8,32,2,612,2444,11,0.73,0.27,0.68,0.32
570,8,39,0.00017944573482964188,0.001,8,32,2,612,2444,11,0.73,0.27,0.68,0.32
571,8,40,0.00010287379700457677,0.001,8,32,2,612,2444,11,0.73,0.27,0.68,0.32
572,8,41,0.00019830794190056622,0.001,8,32,2,612,2444,11,0.73,0.27,0.68,0.32
573,8,42,0.00019988761050626636,0.001,8,32,2,612,2444,11,0.73,0.27,0.68,0.32
574,8,43,0.00011305936641292647,0.001,8,32,2,612,2444,11,0.73,0.27,0.68,0.32
575,8,44,0.0002670798567123711,0.001,8,32,2,612,2444,11,0.73,0.27,0.68,0.32
576,8,45,9.268701251130551e-05,0.001,8,32,2,612,2444,11,0.73,0.27,0.68,0.32
577,8,46,3.165881207678467e-05,0.001,8,32,2,612,2444,11,0.73,0.27,0.68,0.32
578,8,47,0.00020822641090489924,0.001,8,32,2,612,2444,11,0.73,0.27,0.68,0.32
579,8,48,0.0002492993953637779,0.001,8,32,2,612,2444,11,0.73,0.27,0.68,0.32
580,8,49,3.1528088584309444e-05,0.001,8,32,2,612,2444,11,0.73,0.27,0.68,0.32
581,8,50,0.000265772279817611,0.001,8,32,2,612,2444,11,0.73,0.27,0.68,0.32
582,8,51,0.00010190996545134112,0.001,8,32,2,612,2444,11,0.73,0.27,0.68,0.32
583,8,52,6.456691335188225e-05,0.001,8,32,2,612,2444,11,0.73,0.27,0.68,0.32
584,8,53,0.00014221252058632672,0.001,8,32,2,612,2444,11,0.73,0.27,0.68,0.32
585,8,54,9.626047540223226e-05,0.001,8,32,2,612,2444,11,0.73,0.27,0.68,0.32
586,8,55,0.00010924039816018194,0.001,8,32,2,612,2444,11,0.73,0.27,0.68,0.32
587,8,56,8.169787179213017e-05,0.001,8,32,2,612,2444,11,0.73,0.27,0.68,0.32
588,8,57,2.7914062229683623e-05,0.001,8,32,2,612,2444,11,0.73,0.27,0.68,0.32
589,8,58,3.4487591619836167e-05,0.001,8,32,2,612,2444,11,0.73,0.27,0.68,0.32
590,8,59,2.503547875676304e-05,0.001,8,32,2,612,2444,11,0.73,0.27,0.68,0.32
591,8,60,5.762776709161699e-05,0.001,8,32,2,612,2444,11,0.73,0.27,0.68,0.32
592,8,61,0.00011815848120022565,0.001,8,32,2,612,2444,11,0.73,0.27,0.68,0.32
593,8,62,0.00012724929547403008,0.001,8,32,2,612,2444,11,0.73,0.27,0.68,0.32
594,8,63,1.5778785382281058e-05,0.001,8,32,2,612,2444,11,0.73,0.27,0.68,0.32
595,8,64,5.809608774143271e-05,0.001,8,32,2,612,2444,11,0.73,0.27,0.68,0.32
596,8,65,4.462048673303798e-05,0.001,8,32,2,612,2444,11,0.73,0.27,0.68,0.32
597,8,66,7.017666939646006e-05,0.001,8,32,2,612,2444,11,0.73,0.27,0.68,0.32
598,8,67,8.045827416935936e-05,0.001,8,32,2,612,2444,11,0.73,0.27,0.68,0.32
599,8,68,0.00011001292295986786,0.001,8,32,2,612,2444,11,0.73,0.27,0.68,0.32
600,8,69,0.00022289350454229861,0.001,8,32,2,612,2444,11,0.73,0.27,0.68,0.32
601,8,70,0.0005513291689567268,0.001,8,32,2,612,2444,11,0.73,0.27,0.68,0.32
602,8,71,0.00013771888916380703,0.001,8,32,2,612,2444,11,0.73,0.27,0.68,0.32
603,8,72,8.4945626440458e-05,0.001,8,32,2,612,2444,11,0.73,0.27,0.68,0.32
604,8,73,0.0005235013086348772,0.001,8,32,2,612,2444,11,0.73,0.27,0.68,0.32
605,8,74,0.0004330527444835752,0.001,8,32,2,612,2444,11,0.73,0.27,0.68,0.32
606,8,75,0.0003603220684453845,0.001,8,32,2,612,2444,11,0.73,0.27,0.68,0.32
607,8,76,0.0001460009953007102,0.001,8,32,2,612,2444,11,0.73,0.27,0.68,0.32
